[2026-08-22 05:05:43Z INFO HostContext] No proxy settings were found based on environmental variables (http_proxy/https_proxy/HTTP_PROXY/HTTPS_PROXY)
[2026-08-22 05:05:43Z INFO HostContext] Well known directory 'Bin': 'D:\CodeSourcce\Remote-Learning-LUMER\actions-runner\bin'
[2026-08-22 05:05:43Z INFO HostContext] Well known directory 'Root': 'D:\CodeSourcce\Remote-Learning-LUMER\actions-runner'
[2026-08-22 05:05:43Z INFO HostContext] Well known config file 'Credentials': 'D:\CodeSourcce\Remote-Learning-LUMER\actions-runner\.credentials'
[2026-08-22 05:05:44Z INFO HostContext] Well known directory 'Bin': 'D:\CodeSourcce\Remote-Learning-LUMER\actions-runner\bin'
[2026-08-22 05:05:44Z INFO HostContext] Well known directory 'Root': 'D:\CodeSourcce\Remote-Learning-LUMER\actions-runner'
[2026-08-22 05:05:44Z INFO HostContext] Well known config file 'Runner': 'D:\CodeSourcce\Remote-Learning-LUMER\actions-runner\.runner'
[2026-08-22 05:05:44Z INFO Worker] Version: 2.336.0
[2026-08-22 05:05:44Z INFO Worker] Commit: 98aabcd429c4e8402406c56ce2d26387fed3b9ce
[2026-08-22 05:05:44Z INFO Worker] Culture: en-US
[2026-08-22 05:05:44Z INFO Worker] UI Culture: en-US
[2026-08-22 05:05:44Z INFO Worker] Waiting to receive the job message from the channel.
[2026-08-22 05:05:44Z INFO ProcessChannel] Receiving message of length 24293, with hash 'b92bb1873e4b2856df091c0ccd665e4eee82adb8146ee0442216a2584a331c9c'
[2026-08-22 05:05:44Z INFO Worker] Message received.
[2026-08-22 05:05:44Z INFO Worker] Job message:
 {
  "environmentVariables": [
    {
      "type": 2,
      "file": 1,
      "line": 14,
      "col": 3,
      "map": [
        {
          "key": {
            "type": 0,
            "file": 1,
            "line": 14,
            "col": 3,
            "lit": "DOCKER_USERNAME"
          },
          "value": {
            "type": 3,
            "file": 1,
            "line": 14,
            "col": 20,
            "expr": "secrets.DOCKER_USERNAME"
          }
        },
        {
          "key": {
            "type": 0,
            "file": 1,
            "line": 15,
            "col": 3,
            "lit": "DOCKER_PASSWORD"
          },
          "value": {
            "type": 3,
            "file": 1,
            "line": 15,
            "col": 20,
            "expr": "secrets.DOCKER_PASSWORD"
          }
        }
      ]
    }
  ],
  "fileTable": [
    ".github/workflows/deploy.yml"
  ],
  "mask": [
    {
      "type": "regex",
      "value": "***"
    },
    {
      "type": "regex",
      "value": "***"
    },
    {
      "type": "regex",
      "value": "***"
    },
    {
      "type": "regex",
      "value": "***"
    },
    {
      "type": "regex",
      "value": "***"
    },
    {
      "type": "regex",
      "value": "***"
    },
    {
      "type": "regex",
      "value": "***"
    },
    {
      "type": "regex",
      "value": "***"
    },
    {
      "type": "regex",
      "value": "***"
    },
    {
      "type": "regex",
      "value": "***"
    },
    {
      "type": "regex",
      "value": "***"
    },
    {
      "type": "regex",
      "value": "***"
    },
    {
      "type": "regex",
      "value": "***"
    },
    {
      "type": "regex",
      "value": "***"
    },
    {
      "type": "regex",
      "value": "***"
    },
    {
      "type": "regex",
      "value": "***"
    },
    {
      "type": "regex",
      "value": "***"
    },
    {
      "type": "regex",
      "value": "***"
    },
    {
      "type": "regex",
      "value": "***"
    },
    {
      "type": "regex",
      "value": "***"
    },
    {
      "type": "regex",
      "value": "***"
    },
    {
      "type": "regex",
      "value": "***"
    },
    {
      "type": "regex",
      "value": "***"
    },
    {
      "type": "regex",
      "value": "***"
    }
  ],
  "steps": [
    {
      "type": "action",
      "reference": {
        "type": "repository",
        "name": "actions/checkout",
        "ref": "v4",
        "repositoryType": "GitHub"
      },
      "displayNameToken": {
        "type": 0,
        "file": 1,
        "line": 96,
        "col": 15,
        "lit": "Checkout Code"
      },
      "contextName": "__actions_checkout",
      "condition": "success()",
      "id": "7963ff46-0ed5-46c4-b81e-2ede8ce5e7ef",
      "name": "__actions_checkout"
    },
    {
      "type": "action",
      "reference": {
        "type": "script"
      },
      "displayNameToken": {
        "type": 0,
        "file": 1,
        "line": 99,
        "col": 15,
        "lit": "Thay the __DOCKER_USERNAME__ bang registry that trong manifest"
      },
      "contextName": "__run",
      "inputs": {
        "type": 2,
        "map": [
          {
            "key": "script",
            "value": {
              "type": 0,
              "file": 1,
              "line": 101,
              "col": 14,
              "lit": "(Get-Content k8s/backend.yml)  -replace '__DOCKER_USERNAME__', \"$env:DOCKER_USERNAME\" | Set-Content k8s/backend.yml\n(Get-Content k8s/frontend.yml) -replace '__DOCKER_USERNAME__', \"$env:DOCKER_USERNAME\" | Set-Content k8s/frontend.yml\n"
            }
          },
          {
            "key": "shell",
            "value": {
              "type": 0,
              "file": 1,
              "line": 100,
              "col": 16,
              "lit": "powershell"
            }
          }
        ]
      },
      "condition": "success()",
      "id": "1225738d-e062-4731-9b84-9b08c9fbdc9a",
      "name": "__run"
    },
    {
      "type": "action",
      "reference": {
        "type": "script"
      },
      "displayNameToken": {
        "type": 0,
        "file": 1,
        "line": 105,
        "col": 15,
        "lit": "Deploy Manifests"
      },
      "contextName": "__run_2",
      "inputs": {
        "type": 2,
        "map": [
          {
            "key": "script",
            "value": {
              "type": 0,
              "file": 1,
              "line": 107,
              "col": 14,
              "lit": "kubectl apply -f k8s/postgres.yml\nkubectl apply -f k8s/backend-secrets.yml\nkubectl apply -f k8s/backend.yml\nkubectl apply -f k8s/frontend.yml\n\nkubectl rollout status deployment/postgres --timeout=120s\n\nkubectl rollout restart deployment/course-service\nkubectl rollout restart deployment/learning-progress-service\nkubectl rollout restart deployment/quiz-exam-service\nkubectl rollout restart deployment/user-service\nkubectl rollout restart deployment/config-service\nkubectl rollout restart deployment/frontend\n"
            }
          },
          {
            "key": "shell",
            "value": {
              "type": 0,
              "file": 1,
              "line": 106,
              "col": 16,
              "lit": "powershell"
            }
          }
        ]
      },
      "condition": "success()",
      "id": "fc957568-c532-4faf-8dae-6a8200e35376",
      "name": "__run_2"
    }
  ],
  "variables": {
    "Actions.EnableHttpRedirects": {
      "value": "true"
    },
    "DOCKER_PASSWORD": {
      "value": "***",
      "isSecret": true
    },
    "DOCKER_USERNAME": {
      "value": "***",
      "isSecret": true
    },
    "DistributedTask.AddWarningToNode12Action": {
      "value": "true"
    },
    "DistributedTask.AddWarningToNode16Action": {
      "value": "true"
    },
    "DistributedTask.AllowRunnerContainerHooks": {
      "value": "true"
    },
    "DistributedTask.DeprecateStepOutputCommands": {
      "value": "true"
    },
    "DistributedTask.DetailUntarFailure": {
      "value": "true"
    },
    "DistributedTask.EnableCompositeActions": {
      "value": "true"
    },
    "DistributedTask.EnableJobServerQueueTelemetry": {
      "value": "true"
    },
    "DistributedTask.EnhancedAnnotations": {
      "value": "true"
    },
    "DistributedTask.ForceGithubJavascriptActionsToNode16": {
      "value": "true"
    },
    "DistributedTask.ForceGithubJavascriptActionsToNode20": {
      "value": "true"
    },
    "DistributedTask.LogTemplateErrorsAsDebugMessages": {
      "value": "true"
    },
    "DistributedTask.MarkJobAsFailedOnWorkerCrash": {
      "value": "true"
    },
    "DistributedTask.NewActionMetadata": {
      "value": "true"
    },
    "DistributedTask.UploadStepSummary": {
      "value": "true"
    },
    "DistributedTask.UseActionArchiveCache": {
      "value": "true"
    },
    "DistributedTask.UseWhich2": {
      "value": "true"
    },
    "RunService.FixEmbeddedIssues": {
      "value": "true"
    },
    "actions.runner.requirenode24": {
      "value": "false"
    },
    "actions.runner.usenode24bydefault": {
      "value": "true"
    },
    "actions.runner.warnonnode20": {
      "value": "true"
    },
    "actions_add_check_run_id_to_job_context": {
      "value": "true"
    },
    "actions_batch_action_resolution": {
      "value": "false"
    },
    "actions_container_action_runner_temp": {
      "value": "true"
    },
    "actions_display_helpful_actions_download_errors": {
      "value": "true"
    },
    "actions_runner_allow_artifacts_file": {
      "value": "false"
    },
    "actions_runner_compare_workflow_parser": {
      "value": "false"
    },
    "actions_runner_deprecate_linux_arm32": {
      "value": "true"
    },
    "actions_runner_emit_composite_markers": {
      "value": "true"
    },
    "actions_runner_kill_linux_arm32": {
      "value": "false"
    },
    "actions_runner_node20_removal_date": {
      "value": ""
    },
    "actions_runner_node24_default_date": {
      "value": "June 16th, 2026"
    },
    "actions_self_repository": {
      "value": "true"
    },
    "actions_service_container_command": {
      "value": "true"
    },
    "actions_set_orchestration_id_env_for_actions": {
      "value": "true"
    },
    "actions_skip_retry_complete_job_upon_known_errors": {
      "value": "true"
    },
    "actions_snapshot_preflight_hosted_runner_check": {
      "value": "false"
    },
    "actions_snapshot_preflight_image_gen_pool_check": {
      "value": "false"
    },
    "actions_use_bearer_token_for_codeload": {
      "value": "false"
    },
    "actions_uses_cache_service_v2": {
      "value": "true"
    },
    "github_token": {
      "value": "***",
      "isSecret": true
    },
    "system.from_run_service": {
      "value": "true"
    },
    "system.github.job": {
      "value": "deploy-k8s"
    },
    "system.github.launch_endpoint": {
      "value": "https://launch.actions.githubusercontent.com"
    },
    "system.github.results_endpoint": {
      "value": "https://results-receiver.actions.githubusercontent.com/"
    },
    "system.github.results_upload_with_sdk": {
      "value": "true"
    },
    "system.github.token": {
      "value": "***",
      "isSecret": true
    },
    "system.github.token.permissions": {
      "value": "{\"Contents\":\"read\",\"Metadata\":\"read\",\"Packages\":\"read\"}"
    },
    "system.orchestrationId": {
      "value": "aa77f6f6-213d-4ada-a8e3-1a9322b63b64.deploy-k8s.__default"
    },
    "system.phaseDisplayName": {
      "value": "deploy-k8s"
    },
    "system.runner.lowdiskspacethreshold": {
      "value": "100"
    },
    "system.runnerEnvironment": {
      "value": "self-hosted"
    },
    "system.runnerGroupName": {
      "value": "Default"
    }
  },
  "messageType": "RunnerJobRequest",
  "plan": {
    "scopeIdentifier": "00000000-0000-0000-0000-000000000000",
    "planType": "actions",
    "version": 0,
    "planId": "aa77f6f6-213d-4ada-a8e3-1a9322b63b64",
    "planGroup": null,
    "artifactUri": null,
    "artifactLocation": null,
    "definition": null,
    "owner": null
  },
  "timeline": {
    "id": "aa77f6f6-213d-4ada-a8e3-1a9322b63b64",
    "changeId": 0,
    "location": null
  },
  "jobId": "92012f71-899e-5750-b707-16d7f5e73ceb",
  "jobDisplayName": "deploy-k8s",
  "jobName": "__default",
  "requestId": 0,
  "lockedUntil": "0001-01-01T00:00:00",
  "resources": {
    "endpoints": [
      {
        "data": {
          "ServerId": "",
          "ServerName": "",
          "CacheServerUrl": "https://artifactcache.actions.githubusercontent.com/xU5aE6YLmbfilsMnanwoG0wrfiNdsxsA5O1nt9U8d96xsFahs0/",
          "FeedStreamUrl": "wss://results-receiver.actions.githubusercontent.com/_ws/ingest.sock",
          "ResultsServiceUrl": "https://results-receiver.actions.githubusercontent.com/",
          "PipelinesServiceUrl": "https://pipelinesghubeus6.actions.githubusercontent.com/xU5aE6YLmbfilsMnanwoG0wrfiNdsxsA5O1nt9U8d96xsFahs0/",
          "GenerateIdTokenUrl": "",
          "ConnectivityChecks": "[\"https://broker.actions.githubusercontent.com/health\",\"https://token.actions.githubusercontent.com/ready\",\"https://run.actions.githubusercontent.com/health\"]",
          "ConnectivityAndDNSChecks": ""
        },
        "name": "SystemVssConnection",
        "url": "https://run-actions-3-azure-eastus.actions.githubusercontent.com/215/",
        "authorization": {
          "parameters": {
            "AccessToken": "***"
          },
          "scheme": "OAuth"
        },
        "isShared": false,
        "isReady": true
      }
    ]
  },
  "contextData": {
    "github": {
      "t": 2,
      "d": [
        {
          "k": "ref",
          "v": "refs/heads/main"
        },
        {
          "k": "sha",
          "v": "406cb68e4a8b97e5468b54adc01024b748fdf692"
        },
        {
          "k": "repository",
          "v": "Hieu1266/K8s-version2"
        },
        {
          "k": "repository_owner",
          "v": "Hieu1266"
        },
        {
          "k": "repository_owner_id",
          "v": "181964307"
        },
        {
          "k": "repositoryUrl",
          "v": "git://github.com/Hieu1266/K8s-version2.git"
        },
        {
          "k": "run_id",
          "v": "32553316539"
        },
        {
          "k": "run_number",
          "v": "1"
        },
        {
          "k": "retention_days",
          "v": "90"
        },
        {
          "k": "run_attempt",
          "v": "1"
        },
        {
          "k": "artifact_cache_size_limit",
          "v": "10"
        },
        {
          "k": "repository_visibility",
          "v": "public"
        },
        {
          "k": "actor_id",
          "v": "181964307"
        },
        {
          "k": "actor",
          "v": "Hieu1266"
        },
        {
          "k": "workflow",
          "v": "Build and Deploy to K8s"
        },
        {
          "k": "head_ref",
          "v": ""
        },
        {
          "k": "base_ref",
          "v": ""
        },
        {
          "k": "event_name",
          "v": "push"
        },
        {
          "k": "server_url",
          "v": "https://github.com"
        },
        {
          "k": "api_url",
          "v": "https://api.github.com"
        },
        {
          "k": "graphql_url",
          "v": "https://api.github.com/graphql"
        },
        {
          "k": "ref_name",
          "v": "main"
        },
        {
          "k": "ref_protected",
          "v": false
        },
        {
          "k": "ref_type",
          "v": "branch"
        },
        {
          "k": "secret_source",
          "v": "Actions"
        },
        {
          "k": "event",
          "v": {
            "t": 2,
            "d": [
              {
                "k": "after",
                "v": "406cb68e4a8b97e5468b54adc01024b748fdf692"
              },
              {
                "k": "base_ref",
                "v": null
              },
              {
                "k": "before",
                "v": "db7c220b6c5cb23fe46247f5a654a98f545b9b87"
              },
              {
                "k": "commits",
                "v": {
                  "t": 1,
                  "a": [
                    {
                      "t": 2,
                      "d": [
                        {
                          "k": "author",
                          "v": {
                            "t": 2,
                            "d": [
                              {
                                "k": "email",
                                "v": "htt2k5b@gmail.com"
                              },
                              {
                                "k": "name",
                                "v": "Thanhhieu1609"
                              },
                              {
                                "k": "username",
                                "v": "Hieu1266"
                              }
                            ]
                          }
                        },
                        {
                          "k": "committer",
                          "v": {
                            "t": 2,
                            "d": [
                              {
                                "k": "email",
                                "v": "htt2k5b@gmail.com"
                              },
                              {
                                "k": "name",
                                "v": "Thanhhieu1609"
                              },
                              {
                                "k": "username",
                                "v": "Hieu1266"
                              }
                            ]
                          }
                        },
                        {
                          "k": "distinct",
                          "v": true
                        },
                        {
                          "k": "id",
                          "v": "3b770f2849566f5429da4b14c291a44ca2562191"
                        },
                        {
                          "k": "message",
                          "v": "first push"
                        },
                        {
                          "k": "timestamp",
                          "v": "2026-08-22T11:55:57+07:00"
                        },
                        {
                          "k": "tree_id",
                          "v": "4f281c55015d334485a984e154292ed7b597be45"
                        },
                        {
                          "k": "url",
                          "v": "https://github.com/Hieu1266/K8s-version2/commit/3b770f2849566f5429da4b14c291a44ca2562191"
                        }
                      ]
                    },
                    {
                      "t": 2,
                      "d": [
                        {
                          "k": "author",
                          "v": {
                            "t": 2,
                            "d": [
                              {
                                "k": "email",
                                "v": "htt2k5b@gmail.com"
                              },
                              {
                                "k": "name",
                                "v": "Thanhhieu1609"
                              },
                              {
                                "k": "username",
                                "v": "Hieu1266"
                              }
                            ]
                          }
                        },
                        {
                          "k": "committer",
                          "v": {
                            "t": 2,
                            "d": [
                              {
                                "k": "email",
                                "v": "htt2k5b@gmail.com"
                              },
                              {
                                "k": "name",
                                "v": "Thanhhieu1609"
                              },
                              {
                                "k": "username",
                                "v": "Hieu1266"
                              }
                            ]
                          }
                        },
                        {
                          "k": "distinct",
                          "v": true
                        },
                        {
                          "k": "id",
                          "v": "406cb68e4a8b97e5468b54adc01024b748fdf692"
                        },
                        {
                          "k": "message",
                          "v": "abc"
                        },
                        {
                          "k": "timestamp",
                          "v": "2026-08-22T11:58:54+07:00"
                        },
                        {
                          "k": "tree_id",
                          "v": "ee05bc9f20f03f4ffc86b0c30e45fdfb6d620263"
                        },
                        {
                          "k": "url",
                          "v": "https://github.com/Hieu1266/K8s-version2/commit/406cb68e4a8b97e5468b54adc01024b748fdf692"
                        }
                      ]
                    }
                  ]
                }
              },
              {
                "k": "compare",
                "v": "https://github.com/Hieu1266/K8s-version2/compare/db7c220b6c5c...406cb68e4a8b"
              },
              {
                "k": "created",
                "v": false
              },
              {
                "k": "deleted",
                "v": false
              },
              {
                "k": "forced",
                "v": false
              },
              {
                "k": "head_commit",
                "v": {
                  "t": 2,
                  "d": [
                    {
                      "k": "author",
                      "v": {
                        "t": 2,
                        "d": [
                          {
                            "k": "email",
                            "v": "htt2k5b@gmail.com"
                          },
                          {
                            "k": "name",
                            "v": "Thanhhieu1609"
                          },
                          {
                            "k": "username",
                            "v": "Hieu1266"
                          }
                        ]
                      }
                    },
                    {
                      "k": "committer",
                      "v": {
                        "t": 2,
                        "d": [
                          {
                            "k": "email",
                            "v": "htt2k5b@gmail.com"
                          },
                          {
                            "k": "name",
                            "v": "Thanhhieu1609"
                          },
                          {
                            "k": "username",
                            "v": "Hieu1266"
                          }
                        ]
                      }
                    },
                    {
                      "k": "distinct",
                      "v": true
                    },
                    {
                      "k": "id",
                      "v": "406cb68e4a8b97e5468b54adc01024b748fdf692"
                    },
                    {
                      "k": "message",
                      "v": "abc"
                    },
                    {
                      "k": "timestamp",
                      "v": "2026-08-22T11:58:54+07:00"
                    },
                    {
                      "k": "tree_id",
                      "v": "ee05bc9f20f03f4ffc86b0c30e45fdfb6d620263"
                    },
                    {
                      "k": "url",
                      "v": "https://github.com/Hieu1266/K8s-version2/commit/406cb68e4a8b97e5468b54adc01024b748fdf692"
                    }
                  ]
                }
              },
              {
                "k": "pusher",
                "v": {
                  "t": 2,
                  "d": [
                    {
                      "k": "email",
                      "v": "htt2k5b@gmail.com"
                    },
                    {
                      "k": "name",
                      "v": "Hieu1266"
                    }
                  ]
                }
              },
              {
                "k": "ref",
                "v": "refs/heads/main"
              },
              {
                "k": "repository",
                "v": {
                  "t": 2,
                  "d": [
                    {
                      "k": "allow_forking",
                      "v": true
                    },
                    {
                      "k": "archive_url",
                      "v": "https://api.github.com/repos/Hieu1266/K8s-version2/{archive_format}{/ref}"
                    },
                    {
                      "k": "archived",
                      "v": false
                    },
                    {
                      "k": "assignees_url",
                      "v": "https://api.github.com/repos/Hieu1266/K8s-version2/assignees{/user}"
                    },
                    {
                      "k": "blobs_url",
                      "v": "https://api.github.com/repos/Hieu1266/K8s-version2/git/blobs{/sha}"
                    },
                    {
                      "k": "branches_url",
                      "v": "https://api.github.com/repos/Hieu1266/K8s-version2/branches{/branch}"
                    },
                    {
                      "k": "clone_url",
                      "v": "https://github.com/Hieu1266/K8s-version2.git"
                    },
                    {
                      "k": "collaborators_url",
                      "v": "https://api.github.com/repos/Hieu1266/K8s-version2/collaborators{/collaborator}"
                    },
                    {
                      "k": "comments_url",
                      "v": "https://api.github.com/repos/Hieu1266/K8s-version2/comments{/number}"
                    },
                    {
                      "k": "commits_url",
                      "v": "https://api.github.com/repos/Hieu1266/K8s-version2/commits{/sha}"
                    },
                    {
                      "k": "compare_url",
                      "v": "https://api.github.com/repos/Hieu1266/K8s-version2/compare/{base}...{head}"
                    },
                    {
                      "k": "contents_url",
                      "v": "https://api.github.com/repos/Hieu1266/K8s-version2/contents/{+path}"
                    },
                    {
                      "k": "contributors_url",
                      "v": "https://api.github.com/repos/Hieu1266/K8s-version2/contributors"
                    },
                    {
                      "k": "created_at",
                      "v": 1787373531.0
                    },
                    {
                      "k": "default_branch",
                      "v": "main"
                    },
                    {
                      "k": "deployments_url",
                      "v": "https://api.github.com/repos/Hieu1266/K8s-version2/deployments"
                    },
                    {
                      "k": "description",
                      "v": null
                    },
                    {
                      "k": "disabled",
                      "v": false
                    },
                    {
                      "k": "downloads_url",
                      "v": "https://api.github.com/repos/Hieu1266/K8s-version2/downloads"
                    },
                    {
                      "k": "events_url",
                      "v": "https://api.github.com/repos/Hieu1266/K8s-version2/events"
                    },
                    {
                      "k": "fork",
                      "v": false
                    },
                    {
                      "k": "forks",
                      "v": 0.0
                    },
                    {
                      "k": "forks_count",
                      "v": 0.0
                    },
                    {
                      "k": "forks_url",
                      "v": "https://api.github.com/repos/Hieu1266/K8s-version2/forks"
                    },
                    {
                      "k": "full_name",
                      "v": "Hieu1266/K8s-version2"
                    },
                    {
                      "k": "git_commits_url",
                      "v": "https://api.github.com/repos/Hieu1266/K8s-version2/git/commits{/sha}"
                    },
                    {
                      "k": "git_refs_url",
                      "v": "https://api.github.com/repos/Hieu1266/K8s-version2/git/refs{/sha}"
                    },
                    {
                      "k": "git_tags_url",
                      "v": "https://api.github.com/repos/Hieu1266/K8s-version2/git/tags{/sha}"
                    },
                    {
                      "k": "git_url",
                      "v": "git://github.com/Hieu1266/K8s-version2.git"
                    },
                    {
                      "k": "has_discussions",
                      "v": false
                    },
                    {
                      "k": "has_downloads",
                      "v": true
                    },
                    {
                      "k": "has_issues",
                      "v": true
                    },
                    {
                      "k": "has_pages",
                      "v": false
                    },
                    {
                      "k": "has_projects",
                      "v": true
                    },
                    {
                      "k": "has_pull_requests",
                      "v": true
                    },
                    {
                      "k": "has_wiki",
                      "v": true
                    },
                    {
                      "k": "homepage",
                      "v": null
                    },
                    {
                      "k": "hooks_url",
                      "v": "https://api.github.com/repos/Hieu1266/K8s-version2/hooks"
                    },
                    {
                      "k": "html_url",
                      "v": "https://github.com/Hieu1266/K8s-version2"
                    },
                    {
                      "k": "id",
                      "v": 1342446243.0
                    },
                    {
                      "k": "is_template",
                      "v": false
                    },
                    {
                      "k": "issue_comment_url",
                      "v": "https://api.github.com/repos/Hieu1266/K8s-version2/issues/comments{/number}"
                    },
                    {
                      "k": "issue_events_url",
                      "v": "https://api.github.com/repos/Hieu1266/K8s-version2/issues/events{/number}"
                    },
                    {
                      "k": "issues_url",
                      "v": "https://api.github.com/repos/Hieu1266/K8s-version2/issues{/number}"
                    },
                    {
                      "k": "keys_url",
                      "v": "https://api.github.com/repos/Hieu1266/K8s-version2/keys{/key_id}"
                    },
                    {
                      "k": "labels_url",
                      "v": "https://api.github.com/repos/Hieu1266/K8s-version2/labels{/name}"
                    },
                    {
                      "k": "language",
                      "v": null
                    },
                    {
                      "k": "languages_url",
                      "v": "https://api.github.com/repos/Hieu1266/K8s-version2/languages"
                    },
                    {
                      "k": "license",
                      "v": null
                    },
                    {
                      "k": "master_branch",
                      "v": "main"
                    },
                    {
                      "k": "merges_url",
                      "v": "https://api.github.com/repos/Hieu1266/K8s-version2/merges"
                    },
                    {
                      "k": "milestones_url",
                      "v": "https://api.github.com/repos/Hieu1266/K8s-version2/milestones{/number}"
                    },
                    {
                      "k": "mirror_url",
                      "v": null
                    },
                    {
                      "k": "name",
                      "v": "K8s-version2"
                    },
                    {
                      "k": "node_id",
                      "v": "R_kgDOUAQaow"
                    },
                    {
                      "k": "notifications_url",
                      "v": "https://api.github.com/repos/Hieu1266/K8s-version2/notifications{?since,all,participating}"
                    },
                    {
                      "k": "open_issues",
                      "v": 0.0
                    },
                    {
                      "k": "open_issues_count",
                      "v": 0.0
                    },
                    {
                      "k": "owner",
                      "v": {
                        "t": 2,
                        "d": [
                          {
                            "k": "avatar_url",
                            "v": "https://avatars.githubusercontent.com/u/181964307?v=4"
                          },
                          {
                            "k": "email",
                            "v": "htt2k5b@gmail.com"
                          },
                          {
                            "k": "events_url",
                            "v": "https://api.github.com/users/Hieu1266/events{/privacy}"
                          },
                          {
                            "k": "followers_url",
                            "v": "https://api.github.com/users/Hieu1266/followers"
                          },
                          {
                            "k": "following_url",
                            "v": "https://api.github.com/users/Hieu1266/following{/other_user}"
                          },
                          {
                            "k": "gists_url",
                            "v": "https://api.github.com/users/Hieu1266/gists{/gist_id}"
                          },
                          {
                            "k": "gravatar_id",
                            "v": ""
                          },
                          {
                            "k": "html_url",
                            "v": "https://github.com/Hieu1266"
                          },
                          {
                            "k": "id",
                            "v": 181964307.0
                          },
                          {
                            "k": "login",
                            "v": "Hieu1266"
                          },
                          {
                            "k": "name",
                            "v": "Hieu1266"
                          },
                          {
                            "k": "node_id",
                            "v": "U_kgDOCtiOEw"
                          },
                          {
                            "k": "organizations_url",
                            "v": "https://api.github.com/users/Hieu1266/orgs"
                          },
                          {
                            "k": "received_events_url",
                            "v": "https://api.github.com/users/Hieu1266/received_events"
                          },
                          {
                            "k": "repos_url",
                            "v": "https://api.github.com/users/Hieu1266/repos"
                          },
                          {
                            "k": "site_admin",
                            "v": false
                          },
                          {
                            "k": "starred_url",
                            "v": "https://api.github.com/users/Hieu1266/starred{/owner}{/repo}"
                          },
                          {
                            "k": "subscriptions_url",
                            "v": "https://api.github.com/users/Hieu1266/subscriptions"
                          },
                          {
                            "k": "type",
                            "v": "User"
                          },
                          {
                            "k": "url",
                            "v": "https://api.github.com/users/Hieu1266"
                          },
                          {
                            "k": "user_view_type",
                            "v": "public"
                          }
                        ]
                      }
                    },
                    {
                      "k": "private",
                      "v": false
                    },
                    {
                      "k": "pull_request_creation_policy",
                      "v": "all"
                    },
                    {
                      "k": "pulls_url",
                      "v": "https://api.github.com/repos/Hieu1266/K8s-version2/pulls{/number}"
                    },
                    {
                      "k": "pushed_at",
                      "v": 1787374970.0
                    },
                    {
                      "k": "releases_url",
                      "v": "https://api.github.com/repos/Hieu1266/K8s-version2/releases{/id}"
                    },
                    {
                      "k": "size",
                      "v": 0.0
                    },
                    {
                      "k": "ssh_url",
                      "v": "git@github.com:Hieu1266/K8s-version2.git"
                    },
                    {
                      "k": "stargazers",
                      "v": 0.0
                    },
                    {
                      "k": "stargazers_count",
                      "v": 0.0
                    },
                    {
                      "k": "stargazers_url",
                      "v": "https://api.github.com/repos/Hieu1266/K8s-version2/stargazers"
                    },
                    {
                      "k": "statuses_url",
                      "v": "https://api.github.com/repos/Hieu1266/K8s-version2/statuses/{sha}"
                    },
                    {
                      "k": "subscribers_url",
                      "v": "https://api.github.com/repos/Hieu1266/K8s-version2/subscribers"
                    },
                    {
                      "k": "subscription_url",
                      "v": "https://api.github.com/repos/Hieu1266/K8s-version2/subscription"
                    },
                    {
                      "k": "svn_url",
                      "v": "https://github.com/Hieu1266/K8s-version2"
                    },
                    {
                      "k": "tags_url",
                      "v": "https://api.github.com/repos/Hieu1266/K8s-version2/tags"
                    },
                    {
                      "k": "teams_url",
                      "v": "https://api.github.com/repos/Hieu1266/K8s-version2/teams"
                    },
                    {
                      "k": "topics",
                      "v": {
                        "t": 1
                      }
                    },
                    {
                      "k": "trees_url",
                      "v": "https://api.github.com/repos/Hieu1266/K8s-version2/git/trees{/sha}"
                    },
                    {
                      "k": "updated_at",
                      "v": "2026-08-22T04:39:47Z"
                    },
                    {
                      "k": "url",
                      "v": "https://api.github.com/repos/Hieu1266/K8s-version2"
                    },
                    {
                      "k": "visibility",
                      "v": "public"
                    },
                    {
                      "k": "watchers",
                      "v": 0.0
                    },
                    {
                      "k": "watchers_count",
                      "v": 0.0
                    },
                    {
                      "k": "web_commit_signoff_required",
                      "v": false
                    }
                  ]
                }
              },
              {
                "k": "sender",
                "v": {
                  "t": 2,
                  "d": [
                    {
                      "k": "avatar_url",
                      "v": "https://avatars.githubusercontent.com/u/181964307?v=4"
                    },
                    {
                      "k": "events_url",
                      "v": "https://api.github.com/users/Hieu1266/events{/privacy}"
                    },
                    {
                      "k": "followers_url",
                      "v": "https://api.github.com/users/Hieu1266/followers"
                    },
                    {
                      "k": "following_url",
                      "v": "https://api.github.com/users/Hieu1266/following{/other_user}"
                    },
                    {
                      "k": "gists_url",
                      "v": "https://api.github.com/users/Hieu1266/gists{/gist_id}"
                    },
                    {
                      "k": "gravatar_id",
                      "v": ""
                    },
                    {
                      "k": "html_url",
                      "v": "https://github.com/Hieu1266"
                    },
                    {
                      "k": "id",
                      "v": 181964307.0
                    },
                    {
                      "k": "login",
                      "v": "Hieu1266"
                    },
                    {
                      "k": "node_id",
                      "v": "U_kgDOCtiOEw"
                    },
                    {
                      "k": "organizations_url",
                      "v": "https://api.github.com/users/Hieu1266/orgs"
                    },
                    {
                      "k": "received_events_url",
                      "v": "https://api.github.com/users/Hieu1266/received_events"
                    },
                    {
                      "k": "repos_url",
                      "v": "https://api.github.com/users/Hieu1266/repos"
                    },
                    {
                      "k": "site_admin",
                      "v": false
                    },
                    {
                      "k": "starred_url",
                      "v": "https://api.github.com/users/Hieu1266/starred{/owner}{/repo}"
                    },
                    {
                      "k": "subscriptions_url",
                      "v": "https://api.github.com/users/Hieu1266/subscriptions"
                    },
                    {
                      "k": "type",
                      "v": "User"
                    },
                    {
                      "k": "url",
                      "v": "https://api.github.com/users/Hieu1266"
                    },
                    {
                      "k": "user_view_type",
                      "v": "public"
                    }
                  ]
                }
              }
            ]
          }
        },
        {
          "k": "workflow_ref",
          "v": "Hieu1266/K8s-version2/.github/workflows/deploy.yml@refs/heads/main"
        },
        {
          "k": "workflow_sha",
          "v": "406cb68e4a8b97e5468b54adc01024b748fdf692"
        },
        {
          "k": "repository_id",
          "v": "1342446243"
        },
        {
          "k": "triggering_actor",
          "v": "Hieu1266"
        }
      ]
    },
    "inputs": {
      "t": 2
    },
    "job": {
      "t": 2,
      "d": [
        {
          "k": "check_run_id",
          "v": 96983848837.0
        },
        {
          "k": "workflow_ref",
          "v": "Hieu1266/K8s-version2/.github/workflows/deploy.yml@refs/heads/main"
        },
        {
          "k": "workflow_sha",
          "v": "406cb68e4a8b97e5468b54adc01024b748fdf692"
        },
        {
          "k": "workflow_repository",
          "v": "Hieu1266/K8s-version2"
        },
        {
          "k": "workflow_file_path",
          "v": ".github/workflows/deploy.yml"
        }
      ]
    },
    "matrix": null,
    "needs": {
      "t": 2,
      "d": [
        {
          "k": "build-backend",
          "v": {
            "t": 2,
            "d": [
              {
                "k": "result",
                "v": "success"
              },
              {
                "k": "outputs",
                "v": {
                  "t": 2
                }
              }
            ]
          }
        },
        {
          "k": "build-frontend",
          "v": {
            "t": 2,
            "d": [
              {
                "k": "result",
                "v": "success"
              },
              {
                "k": "outputs",
                "v": {
                  "t": 2
                }
              }
            ]
          }
        }
      ]
    },
    "strategy": {
      "t": 2,
      "d": [
        {
          "k": "fail-fast",
          "v": true
        },
        {
          "k": "job-index",
          "v": 0.0
        },
        {
          "k": "job-total",
          "v": 1.0
        },
        {
          "k": "max-parallel",
          "v": 1.0
        }
      ]
    },
    "vars": {
      "t": 2
    }
  },
  "billingOwnerId": "U_kgDOCtiOEw"
}
[2026-08-22 05:05:44Z INFO JobRunner] Job ID 92012f71-899e-5750-b707-16d7f5e73ceb
[2026-08-22 05:05:44Z INFO ConfigurationStore] currentAssemblyLocation: D:\CodeSourcce\Remote-Learning-LUMER\actions-runner\bin\Runner.Worker.dll
[2026-08-22 05:05:44Z INFO HostContext] Well known directory 'Bin': 'D:\CodeSourcce\Remote-Learning-LUMER\actions-runner\bin'
[2026-08-22 05:05:44Z INFO ConfigurationStore] binPath: D:\CodeSourcce\Remote-Learning-LUMER\actions-runner\bin
[2026-08-22 05:05:44Z INFO HostContext] Well known directory 'Bin': 'D:\CodeSourcce\Remote-Learning-LUMER\actions-runner\bin'
[2026-08-22 05:05:44Z INFO HostContext] Well known directory 'Root': 'D:\CodeSourcce\Remote-Learning-LUMER\actions-runner'
[2026-08-22 05:05:44Z INFO ConfigurationStore] RootFolder: D:\CodeSourcce\Remote-Learning-LUMER\actions-runner
[2026-08-22 05:05:44Z INFO HostContext] Well known directory 'Bin': 'D:\CodeSourcce\Remote-Learning-LUMER\actions-runner\bin'
[2026-08-22 05:05:44Z INFO HostContext] Well known directory 'Root': 'D:\CodeSourcce\Remote-Learning-LUMER\actions-runner'
[2026-08-22 05:05:44Z INFO HostContext] Well known config file 'Runner': 'D:\CodeSourcce\Remote-Learning-LUMER\actions-runner\.runner'
[2026-08-22 05:05:44Z INFO ConfigurationStore] ConfigFilePath: D:\CodeSourcce\Remote-Learning-LUMER\actions-runner\.runner
[2026-08-22 05:05:44Z INFO HostContext] Well known directory 'Bin': 'D:\CodeSourcce\Remote-Learning-LUMER\actions-runner\bin'
[2026-08-22 05:05:44Z INFO HostContext] Well known directory 'Root': 'D:\CodeSourcce\Remote-Learning-LUMER\actions-runner'
[2026-08-22 05:05:44Z INFO HostContext] Well known config file 'MigratedRunner': 'D:\CodeSourcce\Remote-Learning-LUMER\actions-runner\.runner_migrated'
[2026-08-22 05:05:44Z INFO ConfigurationStore] MigratedConfigFilePath: D:\CodeSourcce\Remote-Learning-LUMER\actions-runner\.runner_migrated
[2026-08-22 05:05:44Z INFO HostContext] Well known directory 'Bin': 'D:\CodeSourcce\Remote-Learning-LUMER\actions-runner\bin'
[2026-08-22 05:05:44Z INFO HostContext] Well known directory 'Root': 'D:\CodeSourcce\Remote-Learning-LUMER\actions-runner'
[2026-08-22 05:05:44Z INFO HostContext] Well known config file 'Credentials': 'D:\CodeSourcce\Remote-Learning-LUMER\actions-runner\.credentials'
[2026-08-22 05:05:44Z INFO ConfigurationStore] CredFilePath: D:\CodeSourcce\Remote-Learning-LUMER\actions-runner\.credentials
[2026-08-22 05:05:44Z INFO HostContext] Well known directory 'Bin': 'D:\CodeSourcce\Remote-Learning-LUMER\actions-runner\bin'
[2026-08-22 05:05:44Z INFO HostContext] Well known directory 'Root': 'D:\CodeSourcce\Remote-Learning-LUMER\actions-runner'
[2026-08-22 05:05:44Z INFO HostContext] Well known config file 'MigratedCredentials': 'D:\CodeSourcce\Remote-Learning-LUMER\actions-runner\.credentials_migrated'
[2026-08-22 05:05:44Z INFO ConfigurationStore] MigratedCredFilePath: D:\CodeSourcce\Remote-Learning-LUMER\actions-runner\.credentials_migrated
[2026-08-22 05:05:44Z INFO HostContext] Well known directory 'Bin': 'D:\CodeSourcce\Remote-Learning-LUMER\actions-runner\bin'
[2026-08-22 05:05:44Z INFO HostContext] Well known directory 'Root': 'D:\CodeSourcce\Remote-Learning-LUMER\actions-runner'
[2026-08-22 05:05:44Z INFO HostContext] Well known config file 'Service': 'D:\CodeSourcce\Remote-Learning-LUMER\actions-runner\.service'
[2026-08-22 05:05:44Z INFO ConfigurationStore] ServiceConfigFilePath: D:\CodeSourcce\Remote-Learning-LUMER\actions-runner\.service
[2026-08-22 05:05:44Z INFO ConfigurationStore] Read setting file: 388 chars
[2026-08-22 05:05:44Z INFO JobRunner] Initializing launch client
[2026-08-22 05:05:44Z INFO JobServerQueue] Initializing results client
[2026-08-22 05:05:44Z INFO ResultServer] Creating websocket client ...wss://results-receiver.actions.githubusercontent.com/_ws/ingest.sock
[2026-08-22 05:05:44Z INFO ResultServer] Attempting to start websocket client with delay 00:00:00.
[2026-08-22 05:05:44Z INFO JobServerQueue] Start process web console line queue.
[2026-08-22 05:05:44Z INFO JobServerQueue] Start process file upload queue.
[2026-08-22 05:05:44Z INFO JobServerQueue] Start results file upload queue.
[2026-08-22 05:05:44Z INFO JobServerQueue] Starting results-based upload queue...
[2026-08-22 05:05:44Z INFO JobServerQueue] Start process timeline update queue.
[2026-08-22 05:05:44Z INFO ExecutionContext] Initializing Job context
[2026-08-22 05:05:44Z INFO ExecutionContext] Initialize GitHub context
[2026-08-22 05:05:44Z INFO ExecutionContext] Initialize Env context
[2026-08-22 05:05:44Z INFO HostContext] Well known directory 'Bin': 'D:\CodeSourcce\Remote-Learning-LUMER\actions-runner\bin'
[2026-08-22 05:05:44Z INFO HostContext] Well known directory 'Root': 'D:\CodeSourcce\Remote-Learning-LUMER\actions-runner'
[2026-08-22 05:05:44Z INFO HostContext] Well known directory 'Diag': 'D:\CodeSourcce\Remote-Learning-LUMER\actions-runner\_diag'
[2026-08-22 05:05:44Z INFO HostContext] Well known directory 'Bin': 'D:\CodeSourcce\Remote-Learning-LUMER\actions-runner\bin'
[2026-08-22 05:05:44Z INFO HostContext] Well known directory 'Root': 'D:\CodeSourcce\Remote-Learning-LUMER\actions-runner'
[2026-08-22 05:05:44Z INFO HostContext] Well known directory 'Diag': 'D:\CodeSourcce\Remote-Learning-LUMER\actions-runner\_diag'
[2026-08-22 05:05:44Z INFO JobRunner] Starting the job execution context.
[2026-08-22 05:05:44Z INFO HostContext] Well known directory 'Bin': 'D:\CodeSourcce\Remote-Learning-LUMER\actions-runner\bin'
[2026-08-22 05:05:44Z INFO HostContext] Well known directory 'Root': 'D:\CodeSourcce\Remote-Learning-LUMER\actions-runner'
[2026-08-22 05:05:44Z INFO HostContext] Well known directory 'Work': 'D:\CodeSourcce\Remote-Learning-LUMER\actions-runner\_work'
[2026-08-22 05:05:44Z INFO JobRunner] Validating directory permissions for: 'D:\CodeSourcce\Remote-Learning-LUMER\actions-runner\_work'
[2026-08-22 05:05:44Z INFO HostContext] Well known directory 'Bin': 'D:\CodeSourcce\Remote-Learning-LUMER\actions-runner\bin'
[2026-08-22 05:05:44Z INFO HostContext] Well known directory 'Root': 'D:\CodeSourcce\Remote-Learning-LUMER\actions-runner'
[2026-08-22 05:05:44Z INFO HostContext] Well known directory 'Work': 'D:\CodeSourcce\Remote-Learning-LUMER\actions-runner\_work'
[2026-08-22 05:05:44Z INFO HostContext] Well known directory 'Tools': 'D:\CodeSourcce\Remote-Learning-LUMER\actions-runner\_work\_tool'
[2026-08-22 05:05:44Z INFO HostContext] Well known directory 'Bin': 'D:\CodeSourcce\Remote-Learning-LUMER\actions-runner\bin'
[2026-08-22 05:05:44Z INFO HostContext] Well known directory 'Root': 'D:\CodeSourcce\Remote-Learning-LUMER\actions-runner'
[2026-08-22 05:05:44Z INFO HostContext] Well known directory 'Work': 'D:\CodeSourcce\Remote-Learning-LUMER\actions-runner\_work'
[2026-08-22 05:05:44Z INFO HostContext] Well known directory 'Temp': 'D:\CodeSourcce\Remote-Learning-LUMER\actions-runner\_work\_temp'
[2026-08-22 05:05:44Z INFO JobRunner] Getting job extension.
[2026-08-22 05:05:44Z INFO JobRunner] Initialize job. Getting all job steps.
[2026-08-22 05:05:44Z INFO HostContext] Well known directory 'Bin': 'D:\CodeSourcce\Remote-Learning-LUMER\actions-runner\bin'
[2026-08-22 05:05:44Z INFO HostContext] Well known directory 'Root': 'D:\CodeSourcce\Remote-Learning-LUMER\actions-runner'
[2026-08-22 05:05:44Z INFO HostContext] Well known directory 'Diag': 'D:\CodeSourcce\Remote-Learning-LUMER\actions-runner\_diag'
[2026-08-22 05:05:44Z INFO HostContext] Well known directory 'Bin': 'D:\CodeSourcce\Remote-Learning-LUMER\actions-runner\bin'
[2026-08-22 05:05:44Z INFO HostContext] Well known directory 'Root': 'D:\CodeSourcce\Remote-Learning-LUMER\actions-runner'
[2026-08-22 05:05:44Z INFO HostContext] Well known directory 'Diag': 'D:\CodeSourcce\Remote-Learning-LUMER\actions-runner\_diag'
[2026-08-22 05:05:44Z INFO HostContext] Well known directory 'Bin': 'D:\CodeSourcce\Remote-Learning-LUMER\actions-runner\bin'
[2026-08-22 05:05:44Z INFO HostContext] Well known directory 'Root': 'D:\CodeSourcce\Remote-Learning-LUMER\actions-runner'
[2026-08-22 05:05:44Z INFO HostContext] Well known config file 'Credentials': 'D:\CodeSourcce\Remote-Learning-LUMER\actions-runner\.credentials'
[2026-08-22 05:05:44Z INFO HostContext] Well known directory 'Bin': 'D:\CodeSourcce\Remote-Learning-LUMER\actions-runner\bin'
[2026-08-22 05:05:44Z INFO HostContext] Well known directory 'Root': 'D:\CodeSourcce\Remote-Learning-LUMER\actions-runner'
[2026-08-22 05:05:44Z INFO HostContext] Well known config file 'SetupInfo': 'D:\CodeSourcce\Remote-Learning-LUMER\actions-runner\.setup_info'
[2026-08-22 05:05:44Z INFO HostContext] Well known directory 'Bin': 'D:\CodeSourcce\Remote-Learning-LUMER\actions-runner\bin'
[2026-08-22 05:05:44Z INFO HostContext] Well known directory 'Root': 'D:\CodeSourcce\Remote-Learning-LUMER\actions-runner'
[2026-08-22 05:05:44Z INFO HostContext] Well known directory 'Work': 'D:\CodeSourcce\Remote-Learning-LUMER\actions-runner\_work'
[2026-08-22 05:05:44Z INFO PipelineDirectoryManager] Loading tracking config if exists: D:\CodeSourcce\Remote-Learning-LUMER\actions-runner\_work\_PipelineMapping\Hieu1266/K8s-version2\PipelineFolder.json
[2026-08-22 05:05:44Z INFO PipelineDirectoryManager] Creating a new tracking config file.
[2026-08-22 05:05:44Z INFO HostContext] Well known directory 'Bin': 'D:\CodeSourcce\Remote-Learning-LUMER\actions-runner\bin'
[2026-08-22 05:05:44Z INFO HostContext] Well known directory 'Root': 'D:\CodeSourcce\Remote-Learning-LUMER\actions-runner'
[2026-08-22 05:05:44Z INFO HostContext] Well known directory 'Work': 'D:\CodeSourcce\Remote-Learning-LUMER\actions-runner\_work'
[2026-08-22 05:05:44Z INFO PipelineDirectoryManager] Creating pipeline directory.
[2026-08-22 05:05:44Z INFO HostContext] Well known directory 'Bin': 'D:\CodeSourcce\Remote-Learning-LUMER\actions-runner\bin'
[2026-08-22 05:05:44Z INFO HostContext] Well known directory 'Root': 'D:\CodeSourcce\Remote-Learning-LUMER\actions-runner'
[2026-08-22 05:05:44Z INFO HostContext] Well known directory 'Work': 'D:\CodeSourcce\Remote-Learning-LUMER\actions-runner\_work'
[2026-08-22 05:05:44Z INFO PipelineDirectoryManager] Creating workspace directory.
[2026-08-22 05:05:44Z INFO HostContext] Well known directory 'Bin': 'D:\CodeSourcce\Remote-Learning-LUMER\actions-runner\bin'
[2026-08-22 05:05:44Z INFO HostContext] Well known directory 'Root': 'D:\CodeSourcce\Remote-Learning-LUMER\actions-runner'
[2026-08-22 05:05:44Z INFO HostContext] Well known directory 'Work': 'D:\CodeSourcce\Remote-Learning-LUMER\actions-runner\_work'
[2026-08-22 05:05:44Z INFO JobExtension] Downloading actions
[2026-08-22 05:05:44Z INFO HostContext] Well known directory 'Bin': 'D:\CodeSourcce\Remote-Learning-LUMER\actions-runner\bin'
[2026-08-22 05:05:44Z INFO HostContext] Well known directory 'Root': 'D:\CodeSourcce\Remote-Learning-LUMER\actions-runner'
[2026-08-22 05:05:44Z INFO HostContext] Well known directory 'Work': 'D:\CodeSourcce\Remote-Learning-LUMER\actions-runner\_work'
[2026-08-22 05:05:44Z INFO HostContext] Well known directory 'Actions': 'D:\CodeSourcce\Remote-Learning-LUMER\actions-runner\_work\_actions'
[2026-08-22 05:05:44Z INFO Worker] Listening for cancel message from the channel.
[2026-08-22 05:05:44Z INFO Worker] Waiting for the job to complete or for a cancel message from the channel.
[2026-08-22 05:05:45Z INFO ResultServer] Successfully started websocket client.
[2026-08-22 05:05:45Z INFO JobServerQueue] Try to append 1 batches web console lines for record '2d97fc0a-d28d-4ca1-bc1d-5e8af156a26f', success rate: 1/1.
[2026-08-22 05:05:45Z INFO HostContext] Well known directory 'Bin': 'D:\CodeSourcce\Remote-Learning-LUMER\actions-runner\bin'
[2026-08-22 05:05:45Z INFO HostContext] Well known directory 'Root': 'D:\CodeSourcce\Remote-Learning-LUMER\actions-runner'
[2026-08-22 05:05:45Z INFO HostContext] Well known directory 'Work': 'D:\CodeSourcce\Remote-Learning-LUMER\actions-runner\_work'
[2026-08-22 05:05:45Z INFO HostContext] Well known directory 'Actions': 'D:\CodeSourcce\Remote-Learning-LUMER\actions-runner\_work\_actions'
[2026-08-22 05:05:45Z INFO HostContext] Well known directory 'Bin': 'D:\CodeSourcce\Remote-Learning-LUMER\actions-runner\bin'
[2026-08-22 05:05:45Z INFO HostContext] Well known directory 'Root': 'D:\CodeSourcce\Remote-Learning-LUMER\actions-runner'
[2026-08-22 05:05:45Z INFO HostContext] Well known directory 'Work': 'D:\CodeSourcce\Remote-Learning-LUMER\actions-runner\_work'
[2026-08-22 05:05:45Z INFO HostContext] Well known directory 'Actions': 'D:\CodeSourcce\Remote-Learning-LUMER\actions-runner\_work\_actions'
[2026-08-22 05:05:45Z INFO ActionManager] Save archive 'https://codeload.github.com/actions/checkout/zip/11d5960a326750d5838078e36cf38b85af677262' into D:\CodeSourcce\Remote-Learning-LUMER\actions-runner\_work\_actions\_temp_3560bd67-5845-4e8a-a45f-9d22683e9821\547715e5-2e1f-4b17-82ef-b3bc8561e3bf.zip.
[2026-08-22 05:05:45Z INFO ActionManager] Using Basic token for action archive download.
[2026-08-22 05:05:45Z INFO JobServerQueue] Try to append 1 batches web console lines for record '2d97fc0a-d28d-4ca1-bc1d-5e8af156a26f', success rate: 1/1.
[2026-08-22 05:05:45Z INFO JobServerQueue] Job timeline record has been updated for the first time.
[2026-08-22 05:05:46Z INFO ActionManager] Request URL: https://codeload.github.com/actions/checkout/zip/11d5960a326750d5838078e36cf38b85af677262 X-GitHub-Request-Id: 2EC1:17768B:44E0B:130491:6A892E58 Http Status: OK
[2026-08-22 05:05:46Z INFO ActionManager] Finished getting action repository.
[2026-08-22 05:05:46Z INFO HostContext] Well known directory 'Bin': 'D:\CodeSourcce\Remote-Learning-LUMER\actions-runner\bin'
[2026-08-22 05:05:46Z INFO HostContext] Well known directory 'Root': 'D:\CodeSourcce\Remote-Learning-LUMER\actions-runner'
[2026-08-22 05:05:46Z INFO HostContext] Well known directory 'Work': 'D:\CodeSourcce\Remote-Learning-LUMER\actions-runner\_work'
[2026-08-22 05:05:46Z INFO HostContext] Well known directory 'Actions': 'D:\CodeSourcce\Remote-Learning-LUMER\actions-runner\_work\_actions'
[2026-08-22 05:05:46Z INFO ActionManifestManagerLegacy] Load schema file with definitions: [
  "null",
  "boolean",
  "number",
  "string",
  "sequence",
  "mapping",
  "any",
  "action-root",
  "inputs",
  "input",
  "outputs",
  "output-definition",
  "runs",
  "container-runs",
  "container-runs-args",
  "container-runs-env",
  "node-runs",
  "plugin-runs",
  "composite-runs",
  "composite-steps",
  "composite-step",
  "run-step",
  "uses-step",
  "container-runs-context",
  "output-value",
  "input-default-context",
  "non-empty-string",
  "string-steps-context",
  "boolean-steps-context",
  "step-env",
  "step-if",
  "step-with"
]
[2026-08-22 05:05:46Z INFO ActionManifestManager] Load schema file with definitions: [
  "null",
  "boolean",
  "number",
  "string",
  "sequence",
  "mapping",
  "any",
  "action-root",
  "inputs",
  "input",
  "outputs",
  "output-definition",
  "runs",
  "container-runs",
  "container-runs-args",
  "container-runs-env",
  "node-runs",
  "plugin-runs",
  "composite-runs",
  "composite-steps",
  "composite-step",
  "run-step",
  "uses-step",
  "container-runs-context",
  "output-value",
  "input-default-context",
  "non-empty-string",
  "string-steps-context",
  "boolean-steps-context",
  "step-env",
  "step-if",
  "step-with"
]
[2026-08-22 05:05:46Z INFO HostContext] Well known directory 'Bin': 'D:\CodeSourcce\Remote-Learning-LUMER\actions-runner\bin'
[2026-08-22 05:05:46Z INFO HostContext] Well known directory 'Root': 'D:\CodeSourcce\Remote-Learning-LUMER\actions-runner'
[2026-08-22 05:05:46Z INFO HostContext] Well known directory 'Work': 'D:\CodeSourcce\Remote-Learning-LUMER\actions-runner\_work'
[2026-08-22 05:05:46Z INFO HostContext] Well known directory 'Actions': 'D:\CodeSourcce\Remote-Learning-LUMER\actions-runner\_work\_actions'
[2026-08-22 05:05:46Z INFO ActionManifestManagerLegacy] Loaded action.yml file: {
  "name": "Checkout",
  "description": "Checkout a Git repository at a particular version",
  "inputs": {
    "type": 2,
    "map": [
      {
        "key": {
          "type": 0,
          "file": 2,
          "line": 4,
          "col": 3,
          "lit": "repository"
        },
        "value": {
          "type": 3,
          "file": 2,
          "line": 6,
          "col": 14,
          "expr": "github.repository"
        }
      },
      {
        "key": {
          "type": 0,
          "file": 2,
          "line": 7,
          "col": 3,
          "lit": "ref"
        },
        "value": ""
      },
      {
        "key": {
          "type": 0,
          "file": 2,
          "line": 12,
          "col": 3,
          "lit": "token"
        },
        "value": {
          "type": 3,
          "file": 2,
          "line": 24,
          "col": 14,
          "expr": "github.token"
        }
      },
      {
        "key": {
          "type": 0,
          "file": 2,
          "line": 25,
          "col": 3,
          "lit": "ssh-key"
        },
        "value": ""
      },
      {
        "key": {
          "type": 0,
          "file": 2,
          "line": 37,
          "col": 3,
          "lit": "ssh-known-hosts"
        },
        "value": ""
      },
      {
        "key": {
          "type": 0,
          "file": 2,
          "line": 42,
          "col": 3,
          "lit": "ssh-strict"
        },
        "value": {
          "type": 0,
          "file": 2,
          "line": 47,
          "col": 14,
          "lit": "true"
        }
      },
      {
        "key": {
          "type": 0,
          "file": 2,
          "line": 48,
          "col": 3,
          "lit": "ssh-user"
        },
        "value": {
          "type": 0,
          "file": 2,
          "line": 51,
          "col": 14,
          "lit": "git"
        }
      },
      {
        "key": {
          "type": 0,
          "file": 2,
          "line": 52,
          "col": 3,
          "lit": "persist-credentials"
        },
        "value": {
          "type": 0,
          "file": 2,
          "line": 54,
          "col": 14,
          "lit": "true"
        }
      },
      {
        "key": {
          "type": 0,
          "file": 2,
          "line": 55,
          "col": 3,
          "lit": "path"
        },
        "value": ""
      },
      {
        "key": {
          "type": 0,
          "file": 2,
          "line": 57,
          "col": 3,
          "lit": "clean"
        },
        "value": {
          "type": 0,
          "file": 2,
          "line": 59,
          "col": 14,
          "lit": "true"
        }
      },
      {
        "key": {
          "type": 0,
          "file": 2,
          "line": 60,
          "col": 3,
          "lit": "filter"
        },
        "value": {
          "type": 0,
          "file": 2,
          "line": 64,
          "col": 14,
          "lit": ""
        }
      },
      {
        "key": {
          "type": 0,
          "file": 2,
          "line": 65,
          "col": 3,
          "lit": "sparse-checkout"
        },
        "value": {
          "type": 0,
          "file": 2,
          "line": 69,
          "col": 14,
          "lit": ""
        }
      },
      {
        "key": {
          "type": 0,
          "file": 2,
          "line": 70,
          "col": 3,
          "lit": "sparse-checkout-cone-mode"
        },
        "value": {
          "type": 0,
          "file": 2,
          "line": 73,
          "col": 14,
          "lit": "true"
        }
      },
      {
        "key": {
          "type": 0,
          "file": 2,
          "line": 74,
          "col": 3,
          "lit": "fetch-depth"
        },
        "value": {
          "type": 0,
          "file": 2,
          "line": 76,
          "col": 14,
          "lit": "1"
        }
      },
      {
        "key": {
          "type": 0,
          "file": 2,
          "line": 77,
          "col": 3,
          "lit": "fetch-tags"
        },
        "value": {
          "type": 0,
          "file": 2,
          "line": 79,
          "col": 14,
          "lit": "false"
        }
      },
      {
        "key": {
          "type": 0,
          "file": 2,
          "line": 80,
          "col": 3,
          "lit": "show-progress"
        },
        "value": {
          "type": 0,
          "file": 2,
          "line": 82,
          "col": 14,
          "lit": "true"
        }
      },
      {
        "key": {
          "type": 0,
          "file": 2,
          "line": 83,
          "col": 3,
          "lit": "lfs"
        },
        "value": {
          "type": 0,
          "file": 2,
          "line": 85,
          "col": 14,
          "lit": "false"
        }
      },
      {
        "key": {
          "type": 0,
          "file": 2,
          "line": 86,
          "col": 3,
          "lit": "submodules"
        },
        "value": {
          "type": 0,
          "file": 2,
          "line": 94,
          "col": 14,
          "lit": "false"
        }
      },
      {
        "key": {
          "type": 0,
          "file": 2,
          "line": 95,
          "col": 3,
          "lit": "set-safe-directory"
        },
        "value": {
          "type": 0,
          "file": 2,
          "line": 97,
          "col": 14,
          "lit": "true"
        }
      },
      {
        "key": {
          "type": 0,
          "file": 2,
          "line": 98,
          "col": 3,
          "lit": "github-server-url"
        },
        "value": ""
      },
      {
        "key": {
          "type": 0,
          "file": 2,
          "line": 101,
          "col": 3,
          "lit": "allow-unsafe-pr-checkout"
        },
        "value": {
          "type": 0,
          "file": 2,
          "line": 109,
          "col": 14,
          "lit": "false"
        }
      }
    ]
  },
  "execution": {
    "executionType": "nodeJS",
    "hasPre": false,
    "hasPost": true,
    "script": "dist/index.js",
    "pre": null,
    "post": "dist/index.js",
    "nodeVersion": "node20",
    "cleanupCondition": "always()",
    "initCondition": "always()"
  },
  "deprecated": null
}
[2026-08-22 05:05:46Z INFO ActionManager] Action node.js file: dist/index.js, no more preparation.
[2026-08-22 05:05:46Z INFO HostContext] Well known directory 'Bin': 'D:\CodeSourcce\Remote-Learning-LUMER\actions-runner\bin'
[2026-08-22 05:05:46Z INFO HostContext] Well known directory 'Root': 'D:\CodeSourcce\Remote-Learning-LUMER\actions-runner'
[2026-08-22 05:05:46Z INFO HostContext] Well known directory 'Work': 'D:\CodeSourcce\Remote-Learning-LUMER\actions-runner\_work'
[2026-08-22 05:05:46Z INFO HostContext] Well known directory 'Actions': 'D:\CodeSourcce\Remote-Learning-LUMER\actions-runner\_work\_actions'
[2026-08-22 05:05:46Z INFO ActionManager] Load action that reference repository from 'D:\CodeSourcce\Remote-Learning-LUMER\actions-runner\_work\_actions\actions\checkout\v4'
[2026-08-22 05:05:46Z INFO HostContext] Well known directory 'Bin': 'D:\CodeSourcce\Remote-Learning-LUMER\actions-runner\bin'
[2026-08-22 05:05:46Z INFO HostContext] Well known directory 'Root': 'D:\CodeSourcce\Remote-Learning-LUMER\actions-runner'
[2026-08-22 05:05:46Z INFO HostContext] Well known directory 'Work': 'D:\CodeSourcce\Remote-Learning-LUMER\actions-runner\_work'
[2026-08-22 05:05:46Z INFO HostContext] Well known directory 'Actions': 'D:\CodeSourcce\Remote-Learning-LUMER\actions-runner\_work\_actions'
[2026-08-22 05:05:46Z INFO ActionManifestManagerLegacy] Loaded action.yml file: {
  "name": "Checkout",
  "description": "Checkout a Git repository at a particular version",
  "inputs": {
    "type": 2,
    "map": [
      {
        "key": {
          "type": 0,
          "file": 2,
          "line": 4,
          "col": 3,
          "lit": "repository"
        },
        "value": {
          "type": 3,
          "file": 2,
          "line": 6,
          "col": 14,
          "expr": "github.repository"
        }
      },
      {
        "key": {
          "type": 0,
          "file": 2,
          "line": 7,
          "col": 3,
          "lit": "ref"
        },
        "value": ""
      },
      {
        "key": {
          "type": 0,
          "file": 2,
          "line": 12,
          "col": 3,
          "lit": "token"
        },
        "value": {
          "type": 3,
          "file": 2,
          "line": 24,
          "col": 14,
          "expr": "github.token"
        }
      },
      {
        "key": {
          "type": 0,
          "file": 2,
          "line": 25,
          "col": 3,
          "lit": "ssh-key"
        },
        "value": ""
      },
      {
        "key": {
          "type": 0,
          "file": 2,
          "line": 37,
          "col": 3,
          "lit": "ssh-known-hosts"
        },
        "value": ""
      },
      {
        "key": {
          "type": 0,
          "file": 2,
          "line": 42,
          "col": 3,
          "lit": "ssh-strict"
        },
        "value": {
          "type": 0,
          "file": 2,
          "line": 47,
          "col": 14,
          "lit": "true"
        }
      },
      {
        "key": {
          "type": 0,
          "file": 2,
          "line": 48,
          "col": 3,
          "lit": "ssh-user"
        },
        "value": {
          "type": 0,
          "file": 2,
          "line": 51,
          "col": 14,
          "lit": "git"
        }
      },
      {
        "key": {
          "type": 0,
          "file": 2,
          "line": 52,
          "col": 3,
          "lit": "persist-credentials"
        },
        "value": {
          "type": 0,
          "file": 2,
          "line": 54,
          "col": 14,
          "lit": "true"
        }
      },
      {
        "key": {
          "type": 0,
          "file": 2,
          "line": 55,
          "col": 3,
          "lit": "path"
        },
        "value": ""
      },
      {
        "key": {
          "type": 0,
          "file": 2,
          "line": 57,
          "col": 3,
          "lit": "clean"
        },
        "value": {
          "type": 0,
          "file": 2,
          "line": 59,
          "col": 14,
          "lit": "true"
        }
      },
      {
        "key": {
          "type": 0,
          "file": 2,
          "line": 60,
          "col": 3,
          "lit": "filter"
        },
        "value": {
          "type": 0,
          "file": 2,
          "line": 64,
          "col": 14,
          "lit": ""
        }
      },
      {
        "key": {
          "type": 0,
          "file": 2,
          "line": 65,
          "col": 3,
          "lit": "sparse-checkout"
        },
        "value": {
          "type": 0,
          "file": 2,
          "line": 69,
          "col": 14,
          "lit": ""
        }
      },
      {
        "key": {
          "type": 0,
          "file": 2,
          "line": 70,
          "col": 3,
          "lit": "sparse-checkout-cone-mode"
        },
        "value": {
          "type": 0,
          "file": 2,
          "line": 73,
          "col": 14,
          "lit": "true"
        }
      },
      {
        "key": {
          "type": 0,
          "file": 2,
          "line": 74,
          "col": 3,
          "lit": "fetch-depth"
        },
        "value": {
          "type": 0,
          "file": 2,
          "line": 76,
          "col": 14,
          "lit": "1"
        }
      },
      {
        "key": {
          "type": 0,
          "file": 2,
          "line": 77,
          "col": 3,
          "lit": "fetch-tags"
        },
        "value": {
          "type": 0,
          "file": 2,
          "line": 79,
          "col": 14,
          "lit": "false"
        }
      },
      {
        "key": {
          "type": 0,
          "file": 2,
          "line": 80,
          "col": 3,
          "lit": "show-progress"
        },
        "value": {
          "type": 0,
          "file": 2,
          "line": 82,
          "col": 14,
          "lit": "true"
        }
      },
      {
        "key": {
          "type": 0,
          "file": 2,
          "line": 83,
          "col": 3,
          "lit": "lfs"
        },
        "value": {
          "type": 0,
          "file": 2,
          "line": 85,
          "col": 14,
          "lit": "false"
        }
      },
      {
        "key": {
          "type": 0,
          "file": 2,
          "line": 86,
          "col": 3,
          "lit": "submodules"
        },
        "value": {
          "type": 0,
          "file": 2,
          "line": 94,
          "col": 14,
          "lit": "false"
        }
      },
      {
        "key": {
          "type": 0,
          "file": 2,
          "line": 95,
          "col": 3,
          "lit": "set-safe-directory"
        },
        "value": {
          "type": 0,
          "file": 2,
          "line": 97,
          "col": 14,
          "lit": "true"
        }
      },
      {
        "key": {
          "type": 0,
          "file": 2,
          "line": 98,
          "col": 3,
          "lit": "github-server-url"
        },
        "value": ""
      },
      {
        "key": {
          "type": 0,
          "file": 2,
          "line": 101,
          "col": 3,
          "lit": "allow-unsafe-pr-checkout"
        },
        "value": {
          "type": 0,
          "file": 2,
          "line": 109,
          "col": 14,
          "lit": "false"
        }
      }
    ]
  },
  "execution": {
    "executionType": "nodeJS",
    "hasPre": false,
    "hasPost": true,
    "script": "dist/index.js",
    "pre": null,
    "post": "dist/index.js",
    "nodeVersion": "node20",
    "cleanupCondition": "always()",
    "initCondition": "always()"
  },
  "deprecated": null
}
[2026-08-22 05:05:46Z INFO ActionManager] Action pre node.js file: N/A.
[2026-08-22 05:05:46Z INFO ActionManager] Action node.js file: dist/index.js.
[2026-08-22 05:05:46Z INFO ActionManager] Action post node.js file: dist/index.js.
[2026-08-22 05:05:46Z INFO JobExtension] Adding .
[2026-08-22 05:05:46Z INFO JobExtension] Adding .
[2026-08-22 05:05:46Z INFO JobExtension] Adding .
[2026-08-22 05:05:46Z INFO HostContext] Well known directory 'Bin': 'D:\CodeSourcce\Remote-Learning-LUMER\actions-runner\bin'
[2026-08-22 05:05:46Z INFO HostContext] Well known directory 'Root': 'D:\CodeSourcce\Remote-Learning-LUMER\actions-runner'
[2026-08-22 05:05:46Z INFO HostContext] Well known directory 'Diag': 'D:\CodeSourcce\Remote-Learning-LUMER\actions-runner\_diag'
[2026-08-22 05:05:46Z INFO HostContext] Well known directory 'Bin': 'D:\CodeSourcce\Remote-Learning-LUMER\actions-runner\bin'
[2026-08-22 05:05:46Z INFO HostContext] Well known directory 'Root': 'D:\CodeSourcce\Remote-Learning-LUMER\actions-runner'
[2026-08-22 05:05:46Z INFO HostContext] Well known directory 'Diag': 'D:\CodeSourcce\Remote-Learning-LUMER\actions-runner\_diag'
[2026-08-22 05:05:46Z INFO HostContext] Well known directory 'Bin': 'D:\CodeSourcce\Remote-Learning-LUMER\actions-runner\bin'
[2026-08-22 05:05:46Z INFO HostContext] Well known directory 'Root': 'D:\CodeSourcce\Remote-Learning-LUMER\actions-runner'
[2026-08-22 05:05:46Z INFO HostContext] Well known directory 'Diag': 'D:\CodeSourcce\Remote-Learning-LUMER\actions-runner\_diag'
[2026-08-22 05:05:46Z INFO HostContext] Well known directory 'Bin': 'D:\CodeSourcce\Remote-Learning-LUMER\actions-runner\bin'
[2026-08-22 05:05:46Z INFO HostContext] Well known directory 'Root': 'D:\CodeSourcce\Remote-Learning-LUMER\actions-runner'
[2026-08-22 05:05:46Z INFO HostContext] Well known directory 'Diag': 'D:\CodeSourcce\Remote-Learning-LUMER\actions-runner\_diag'
[2026-08-22 05:05:46Z INFO HostContext] Well known directory 'Bin': 'D:\CodeSourcce\Remote-Learning-LUMER\actions-runner\bin'
[2026-08-22 05:05:46Z INFO HostContext] Well known directory 'Root': 'D:\CodeSourcce\Remote-Learning-LUMER\actions-runner'
[2026-08-22 05:05:46Z INFO HostContext] Well known directory 'Diag': 'D:\CodeSourcce\Remote-Learning-LUMER\actions-runner\_diag'
[2026-08-22 05:05:46Z INFO HostContext] Well known directory 'Bin': 'D:\CodeSourcce\Remote-Learning-LUMER\actions-runner\bin'
[2026-08-22 05:05:46Z INFO HostContext] Well known directory 'Root': 'D:\CodeSourcce\Remote-Learning-LUMER\actions-runner'
[2026-08-22 05:05:46Z INFO HostContext] Well known directory 'Diag': 'D:\CodeSourcce\Remote-Learning-LUMER\actions-runner\_diag'
[2026-08-22 05:05:46Z INFO JobExtension] Total accessible running process: 337.
[2026-08-22 05:05:46Z INFO HostContext] Well known directory 'Bin': 'D:\CodeSourcce\Remote-Learning-LUMER\actions-runner\bin'
[2026-08-22 05:05:46Z INFO HostContext] Well known directory 'Root': 'D:\CodeSourcce\Remote-Learning-LUMER\actions-runner'
[2026-08-22 05:05:46Z INFO HostContext] Well known directory 'Work': 'D:\CodeSourcce\Remote-Learning-LUMER\actions-runner\_work'
[2026-08-22 05:05:46Z INFO JobExtension] Start checking server connectivity.
[2026-08-22 05:05:46Z INFO JobExtension] Check server connectivity for https://broker.actions.githubusercontent.com/health.
[2026-08-22 05:05:46Z INFO JobExtension] Check server connectivity for https://token.actions.githubusercontent.com/ready.
[2026-08-22 05:05:46Z INFO JobExtension] Check server connectivity for https://run.actions.githubusercontent.com/health.
[2026-08-22 05:05:46Z INFO JobExtension] Start checking service connectivity in background.
[2026-08-22 05:05:46Z INFO ExecutionContext] Publish step telemetry for current step {
  "action": "setup_job",
  "type": "runner",
  "stage": "Pre",
  "stepId": "2d97fc0a-d28d-4ca1-bc1d-5e8af156a26f",
  "result": "succeeded",
  "errorMessages": [],
  "executionTimeInSeconds": 3,
  "startTime": "2026-08-22T05:05:44.3902044Z",
  "finishTime": "2026-08-22T05:05:46.7231536Z"
}.
[2026-08-22 05:05:46Z INFO JobRunner] Total job steps: 3.
[2026-08-22 05:05:46Z INFO JobRunner] Run all job steps.
[2026-08-22 05:05:46Z INFO DapDebugger] DapDebugger initialized
[2026-08-22 05:05:46Z INFO StepsRunner] Processing step: DisplayName='Checkout Code'
[2026-08-22 05:05:46Z INFO StepsRunner] Evaluating: success()
[2026-08-22 05:05:46Z INFO StepsRunner] Result: true
[2026-08-22 05:05:46Z INFO StepsRunner] Starting the step.
[2026-08-22 05:05:46Z INFO HostContext] Well known directory 'Bin': 'D:\CodeSourcce\Remote-Learning-LUMER\actions-runner\bin'
[2026-08-22 05:05:46Z INFO HostContext] Well known directory 'Root': 'D:\CodeSourcce\Remote-Learning-LUMER\actions-runner'
[2026-08-22 05:05:46Z INFO HostContext] Well known directory 'Work': 'D:\CodeSourcce\Remote-Learning-LUMER\actions-runner\_work'
[2026-08-22 05:05:46Z INFO StepsRunner] Which2: 'chcp'
[2026-08-22 05:05:46Z INFO StepsRunner] Location: 'C:\Windows\system32\chcp.COM'
[2026-08-22 05:05:46Z INFO ProcessInvokerWrapper] Starting process:
[2026-08-22 05:05:46Z INFO ProcessInvokerWrapper]   File name: 'C:\Windows\system32\chcp.COM'
[2026-08-22 05:05:46Z INFO ProcessInvokerWrapper]   Arguments: '65001'
[2026-08-22 05:05:46Z INFO ProcessInvokerWrapper]   Working directory: 'D:\CodeSourcce\Remote-Learning-LUMER\actions-runner\_work'
[2026-08-22 05:05:46Z INFO ProcessInvokerWrapper]   Require exit code zero: 'False'
[2026-08-22 05:05:46Z INFO ProcessInvokerWrapper]   Encoding web name:  ; code page: ''
[2026-08-22 05:05:46Z INFO ProcessInvokerWrapper]   Force kill process on cancellation: 'False'
[2026-08-22 05:05:46Z INFO ProcessInvokerWrapper]   Redirected STDIN: 'False'
[2026-08-22 05:05:46Z INFO ProcessInvokerWrapper]   Persist current code page: 'True'
[2026-08-22 05:05:46Z INFO ProcessInvokerWrapper]   Keep redirected STDIN open: 'False'
[2026-08-22 05:05:46Z INFO ProcessInvokerWrapper]   High priority process: 'False'
[2026-08-22 05:05:46Z INFO ProcessInvokerWrapper] Process started with process id 12724, waiting for process exit.
[2026-08-22 05:05:46Z INFO ProcessInvokerWrapper] STDOUT/STDERR stream read finished.
[2026-08-22 05:05:46Z INFO ProcessInvokerWrapper] STDOUT/STDERR stream read finished.
[2026-08-22 05:05:46Z INFO ProcessInvokerWrapper] Finished process 12724 with exit code 0, and elapsed time 00:00:00.0207805.
[2026-08-22 05:05:46Z INFO StepsRunner] Successfully returned to code page 65001 (UTF8)
[2026-08-22 05:05:46Z INFO HostContext] Well known directory 'Bin': 'D:\CodeSourcce\Remote-Learning-LUMER\actions-runner\bin'
[2026-08-22 05:05:46Z INFO HostContext] Well known directory 'Root': 'D:\CodeSourcce\Remote-Learning-LUMER\actions-runner'
[2026-08-22 05:05:46Z INFO HostContext] Well known directory 'Work': 'D:\CodeSourcce\Remote-Learning-LUMER\actions-runner\_work'
[2026-08-22 05:05:46Z INFO HostContext] Well known directory 'Actions': 'D:\CodeSourcce\Remote-Learning-LUMER\actions-runner\_work\_actions'
[2026-08-22 05:05:46Z INFO ActionManager] Load action that reference repository from 'D:\CodeSourcce\Remote-Learning-LUMER\actions-runner\_work\_actions\actions\checkout\v4'
[2026-08-22 05:05:46Z INFO HostContext] Well known directory 'Bin': 'D:\CodeSourcce\Remote-Learning-LUMER\actions-runner\bin'
[2026-08-22 05:05:46Z INFO HostContext] Well known directory 'Root': 'D:\CodeSourcce\Remote-Learning-LUMER\actions-runner'
[2026-08-22 05:05:46Z INFO HostContext] Well known directory 'Work': 'D:\CodeSourcce\Remote-Learning-LUMER\actions-runner\_work'
[2026-08-22 05:05:46Z INFO HostContext] Well known directory 'Actions': 'D:\CodeSourcce\Remote-Learning-LUMER\actions-runner\_work\_actions'
[2026-08-22 05:05:46Z INFO ActionManifestManagerLegacy] Loaded action.yml file: {
  "name": "Checkout",
  "description": "Checkout a Git repository at a particular version",
  "inputs": {
    "type": 2,
    "map": [
      {
        "key": {
          "type": 0,
          "file": 2,
          "line": 4,
          "col": 3,
          "lit": "repository"
        },
        "value": {
          "type": 3,
          "file": 2,
          "line": 6,
          "col": 14,
          "expr": "github.repository"
        }
      },
      {
        "key": {
          "type": 0,
          "file": 2,
          "line": 7,
          "col": 3,
          "lit": "ref"
        },
        "value": ""
      },
      {
        "key": {
          "type": 0,
          "file": 2,
          "line": 12,
          "col": 3,
          "lit": "token"
        },
        "value": {
          "type": 3,
          "file": 2,
          "line": 24,
          "col": 14,
          "expr": "github.token"
        }
      },
      {
        "key": {
          "type": 0,
          "file": 2,
          "line": 25,
          "col": 3,
          "lit": "ssh-key"
        },
        "value": ""
      },
      {
        "key": {
          "type": 0,
          "file": 2,
          "line": 37,
          "col": 3,
          "lit": "ssh-known-hosts"
        },
        "value": ""
      },
      {
        "key": {
          "type": 0,
          "file": 2,
          "line": 42,
          "col": 3,
          "lit": "ssh-strict"
        },
        "value": {
          "type": 0,
          "file": 2,
          "line": 47,
          "col": 14,
          "lit": "true"
        }
      },
      {
        "key": {
          "type": 0,
          "file": 2,
          "line": 48,
          "col": 3,
          "lit": "ssh-user"
        },
        "value": {
          "type": 0,
          "file": 2,
          "line": 51,
          "col": 14,
          "lit": "git"
        }
      },
      {
        "key": {
          "type": 0,
          "file": 2,
          "line": 52,
          "col": 3,
          "lit": "persist-credentials"
        },
        "value": {
          "type": 0,
          "file": 2,
          "line": 54,
          "col": 14,
          "lit": "true"
        }
      },
      {
        "key": {
          "type": 0,
          "file": 2,
          "line": 55,
          "col": 3,
          "lit": "path"
        },
        "value": ""
      },
      {
        "key": {
          "type": 0,
          "file": 2,
          "line": 57,
          "col": 3,
          "lit": "clean"
        },
        "value": {
          "type": 0,
          "file": 2,
          "line": 59,
          "col": 14,
          "lit": "true"
        }
      },
      {
        "key": {
          "type": 0,
          "file": 2,
          "line": 60,
          "col": 3,
          "lit": "filter"
        },
        "value": {
          "type": 0,
          "file": 2,
          "line": 64,
          "col": 14,
          "lit": ""
        }
      },
      {
        "key": {
          "type": 0,
          "file": 2,
          "line": 65,
          "col": 3,
          "lit": "sparse-checkout"
        },
        "value": {
          "type": 0,
          "file": 2,
          "line": 69,
          "col": 14,
          "lit": ""
        }
      },
      {
        "key": {
          "type": 0,
          "file": 2,
          "line": 70,
          "col": 3,
          "lit": "sparse-checkout-cone-mode"
        },
        "value": {
          "type": 0,
          "file": 2,
          "line": 73,
          "col": 14,
          "lit": "true"
        }
      },
      {
        "key": {
          "type": 0,
          "file": 2,
          "line": 74,
          "col": 3,
          "lit": "fetch-depth"
        },
        "value": {
          "type": 0,
          "file": 2,
          "line": 76,
          "col": 14,
          "lit": "1"
        }
      },
      {
        "key": {
          "type": 0,
          "file": 2,
          "line": 77,
          "col": 3,
          "lit": "fetch-tags"
        },
        "value": {
          "type": 0,
          "file": 2,
          "line": 79,
          "col": 14,
          "lit": "false"
        }
      },
      {
        "key": {
          "type": 0,
          "file": 2,
          "line": 80,
          "col": 3,
          "lit": "show-progress"
        },
        "value": {
          "type": 0,
          "file": 2,
          "line": 82,
          "col": 14,
          "lit": "true"
        }
      },
      {
        "key": {
          "type": 0,
          "file": 2,
          "line": 83,
          "col": 3,
          "lit": "lfs"
        },
        "value": {
          "type": 0,
          "file": 2,
          "line": 85,
          "col": 14,
          "lit": "false"
        }
      },
      {
        "key": {
          "type": 0,
          "file": 2,
          "line": 86,
          "col": 3,
          "lit": "submodules"
        },
        "value": {
          "type": 0,
          "file": 2,
          "line": 94,
          "col": 14,
          "lit": "false"
        }
      },
      {
        "key": {
          "type": 0,
          "file": 2,
          "line": 95,
          "col": 3,
          "lit": "set-safe-directory"
        },
        "value": {
          "type": 0,
          "file": 2,
          "line": 97,
          "col": 14,
          "lit": "true"
        }
      },
      {
        "key": {
          "type": 0,
          "file": 2,
          "line": 98,
          "col": 3,
          "lit": "github-server-url"
        },
        "value": ""
      },
      {
        "key": {
          "type": 0,
          "file": 2,
          "line": 101,
          "col": 3,
          "lit": "allow-unsafe-pr-checkout"
        },
        "value": {
          "type": 0,
          "file": 2,
          "line": 109,
          "col": 14,
          "lit": "false"
        }
      }
    ]
  },
  "execution": {
    "executionType": "nodeJS",
    "hasPre": false,
    "hasPost": true,
    "script": "dist/index.js",
    "pre": null,
    "post": "dist/index.js",
    "nodeVersion": "node20",
    "cleanupCondition": "always()",
    "initCondition": "always()"
  },
  "deprecated": null
}
[2026-08-22 05:05:46Z INFO ActionManager] Action pre node.js file: N/A.
[2026-08-22 05:05:46Z INFO ActionManager] Action node.js file: dist/index.js.
[2026-08-22 05:05:46Z INFO ActionManager] Action post node.js file: dist/index.js.
[2026-08-22 05:05:46Z INFO ExecutionContext] Reserve record order 5 to 8 for post job actions.
[2026-08-22 05:05:46Z INFO HostContext] Well known directory 'Bin': 'D:\CodeSourcce\Remote-Learning-LUMER\actions-runner\bin'
[2026-08-22 05:05:46Z INFO HostContext] Well known directory 'Root': 'D:\CodeSourcce\Remote-Learning-LUMER\actions-runner'
[2026-08-22 05:05:46Z INFO HostContext] Well known directory 'Diag': 'D:\CodeSourcce\Remote-Learning-LUMER\actions-runner\_diag'
[2026-08-22 05:05:46Z INFO HostContext] Well known directory 'Bin': 'D:\CodeSourcce\Remote-Learning-LUMER\actions-runner\bin'
[2026-08-22 05:05:46Z INFO HostContext] Well known directory 'Root': 'D:\CodeSourcce\Remote-Learning-LUMER\actions-runner'
[2026-08-22 05:05:46Z INFO HostContext] Well known directory 'Diag': 'D:\CodeSourcce\Remote-Learning-LUMER\actions-runner\_diag'
[2026-08-22 05:05:46Z INFO HostContext] Well known directory 'Bin': 'D:\CodeSourcce\Remote-Learning-LUMER\actions-runner\bin'
[2026-08-22 05:05:46Z INFO HostContext] Well known directory 'Root': 'D:\CodeSourcce\Remote-Learning-LUMER\actions-runner'
[2026-08-22 05:05:46Z INFO HostContext] Well known directory 'Work': 'D:\CodeSourcce\Remote-Learning-LUMER\actions-runner\_work'
[2026-08-22 05:05:46Z INFO HostContext] Well known directory 'Temp': 'D:\CodeSourcce\Remote-Learning-LUMER\actions-runner\_work\_temp'
[2026-08-22 05:05:46Z INFO ExecutionContext] Write event payload to D:\CodeSourcce\Remote-Learning-LUMER\actions-runner\_work\_temp\_github_workflow\event.json
[2026-08-22 05:05:46Z INFO HostContext] Well known directory 'Bin': 'D:\CodeSourcce\Remote-Learning-LUMER\actions-runner\bin'
[2026-08-22 05:05:46Z INFO HostContext] Well known directory 'Root': 'D:\CodeSourcce\Remote-Learning-LUMER\actions-runner'
[2026-08-22 05:05:46Z INFO HostContext] Well known directory 'Work': 'D:\CodeSourcce\Remote-Learning-LUMER\actions-runner\_work'
[2026-08-22 05:05:46Z INFO HostContext] Well known directory 'Temp': 'D:\CodeSourcce\Remote-Learning-LUMER\actions-runner\_work\_temp'
[2026-08-22 05:05:46Z INFO ExtensionManager] Getting extensions for interface: 'GitHub.Runner.Worker.IFileCommandExtension'
[2026-08-22 05:05:46Z INFO ExtensionManager] Creating instance: GitHub.Runner.Worker.AddPathFileCommand, Runner.Worker
[2026-08-22 05:05:46Z INFO ExtensionManager] Creating instance: GitHub.Runner.Worker.SetEnvFileCommand, Runner.Worker
[2026-08-22 05:05:46Z INFO ExtensionManager] Creating instance: GitHub.Runner.Worker.CreateStepSummaryCommand, Runner.Worker
[2026-08-22 05:05:46Z INFO ExtensionManager] Creating instance: GitHub.Runner.Worker.SaveStateFileCommand, Runner.Worker
[2026-08-22 05:05:46Z INFO ExtensionManager] Creating instance: GitHub.Runner.Worker.SetOutputFileCommand, Runner.Worker
[2026-08-22 05:05:46Z INFO ExtensionManager] Creating instance: GitHub.Runner.Worker.CreateArtifactsFileCommand, Runner.Worker
[2026-08-22 05:05:46Z INFO ExtensionManager] Creating instance: GitHub.Runner.Worker.ArtifactsListFileCommand, Runner.Worker
[2026-08-22 05:05:46Z INFO ActionManifestManagerLegacy] Input 'repository': default value evaluate result: {
  "type": 0,
  "file": 2,
  "line": 6,
  "col": 14,
  "lit": "Hieu1266/K8s-version2"
}
[2026-08-22 05:05:46Z INFO ActionManifestManagerLegacy] Input 'ref': default value evaluate result: ""
[2026-08-22 05:05:46Z INFO ActionManifestManagerLegacy] Input 'token': default value evaluate result: {
  "type": 0,
  "file": 2,
  "line": 24,
  "col": 14,
  "lit": "***"
}
[2026-08-22 05:05:46Z INFO ActionManifestManagerLegacy] Input 'ssh-key': default value evaluate result: ""
[2026-08-22 05:05:46Z INFO ActionManifestManagerLegacy] Input 'ssh-known-hosts': default value evaluate result: ""
[2026-08-22 05:05:46Z INFO ActionManifestManagerLegacy] Input 'ssh-strict': default value evaluate result: {
  "type": 0,
  "file": 2,
  "line": 47,
  "col": 14,
  "lit": "true"
}
[2026-08-22 05:05:46Z INFO ActionManifestManagerLegacy] Input 'ssh-user': default value evaluate result: {
  "type": 0,
  "file": 2,
  "line": 51,
  "col": 14,
  "lit": "git"
}
[2026-08-22 05:05:46Z INFO ActionManifestManagerLegacy] Input 'persist-credentials': default value evaluate result: {
  "type": 0,
  "file": 2,
  "line": 54,
  "col": 14,
  "lit": "true"
}
[2026-08-22 05:05:46Z INFO ActionManifestManagerLegacy] Input 'path': default value evaluate result: ""
[2026-08-22 05:05:46Z INFO ActionManifestManagerLegacy] Input 'clean': default value evaluate result: {
  "type": 0,
  "file": 2,
  "line": 59,
  "col": 14,
  "lit": "true"
}
[2026-08-22 05:05:46Z INFO ActionManifestManagerLegacy] Input 'filter': default value evaluate result: {
  "type": 0,
  "file": 2,
  "line": 64,
  "col": 14,
  "lit": ""
}
[2026-08-22 05:05:46Z INFO ActionManifestManagerLegacy] Input 'sparse-checkout': default value evaluate result: {
  "type": 0,
  "file": 2,
  "line": 69,
  "col": 14,
  "lit": ""
}
[2026-08-22 05:05:46Z INFO ActionManifestManagerLegacy] Input 'sparse-checkout-cone-mode': default value evaluate result: {
  "type": 0,
  "file": 2,
  "line": 73,
  "col": 14,
  "lit": "true"
}
[2026-08-22 05:05:46Z INFO ActionManifestManagerLegacy] Input 'fetch-depth': default value evaluate result: {
  "type": 0,
  "file": 2,
  "line": 76,
  "col": 14,
  "lit": "1"
}
[2026-08-22 05:05:46Z INFO ActionManifestManagerLegacy] Input 'fetch-tags': default value evaluate result: {
  "type": 0,
  "file": 2,
  "line": 79,
  "col": 14,
  "lit": "false"
}
[2026-08-22 05:05:46Z INFO ActionManifestManagerLegacy] Input 'show-progress': default value evaluate result: {
  "type": 0,
  "file": 2,
  "line": 82,
  "col": 14,
  "lit": "true"
}
[2026-08-22 05:05:46Z INFO ActionManifestManagerLegacy] Input 'lfs': default value evaluate result: {
  "type": 0,
  "file": 2,
  "line": 85,
  "col": 14,
  "lit": "false"
}
[2026-08-22 05:05:46Z INFO ActionManifestManagerLegacy] Input 'submodules': default value evaluate result: {
  "type": 0,
  "file": 2,
  "line": 94,
  "col": 14,
  "lit": "false"
}
[2026-08-22 05:05:46Z INFO ActionManifestManagerLegacy] Input 'set-safe-directory': default value evaluate result: {
  "type": 0,
  "file": 2,
  "line": 97,
  "col": 14,
  "lit": "true"
}
[2026-08-22 05:05:46Z INFO ActionManifestManagerLegacy] Input 'github-server-url': default value evaluate result: ""
[2026-08-22 05:05:46Z INFO ActionManifestManagerLegacy] Input 'allow-unsafe-pr-checkout': default value evaluate result: {
  "type": 0,
  "file": 2,
  "line": 109,
  "col": 14,
  "lit": "false"
}
[2026-08-22 05:05:46Z INFO ExtensionManager] Getting extensions for interface: 'GitHub.Runner.Worker.IActionCommandExtension'
[2026-08-22 05:05:46Z INFO ExtensionManager] Creating instance: GitHub.Runner.Worker.InternalPluginSetRepoPathCommandExtension, Runner.Worker
[2026-08-22 05:05:46Z INFO ExtensionManager] Creating instance: GitHub.Runner.Worker.SetEnvCommandExtension, Runner.Worker
[2026-08-22 05:05:46Z INFO ExtensionManager] Creating instance: GitHub.Runner.Worker.SetOutputCommandExtension, Runner.Worker
[2026-08-22 05:05:46Z INFO ExtensionManager] Creating instance: GitHub.Runner.Worker.SaveStateCommandExtension, Runner.Worker
[2026-08-22 05:05:46Z INFO ExtensionManager] Creating instance: GitHub.Runner.Worker.AddPathCommandExtension, Runner.Worker
[2026-08-22 05:05:46Z INFO ExtensionManager] Creating instance: GitHub.Runner.Worker.AddMaskCommandExtension, Runner.Worker
[2026-08-22 05:05:46Z INFO ExtensionManager] Creating instance: GitHub.Runner.Worker.AddMatcherCommandExtension, Runner.Worker
[2026-08-22 05:05:46Z INFO ExtensionManager] Creating instance: GitHub.Runner.Worker.RemoveMatcherCommandExtension, Runner.Worker
[2026-08-22 05:05:46Z INFO ExtensionManager] Creating instance: GitHub.Runner.Worker.WarningCommandExtension, Runner.Worker
[2026-08-22 05:05:46Z INFO ExtensionManager] Creating instance: GitHub.Runner.Worker.ErrorCommandExtension, Runner.Worker
[2026-08-22 05:05:46Z INFO ExtensionManager] Creating instance: GitHub.Runner.Worker.NoticeCommandExtension, Runner.Worker
[2026-08-22 05:05:46Z INFO ExtensionManager] Creating instance: GitHub.Runner.Worker.DebugCommandExtension, Runner.Worker
[2026-08-22 05:05:46Z INFO ExtensionManager] Creating instance: GitHub.Runner.Worker.GroupCommandExtension, Runner.Worker
[2026-08-22 05:05:46Z INFO ExtensionManager] Creating instance: GitHub.Runner.Worker.EndGroupCommandExtension, Runner.Worker
[2026-08-22 05:05:46Z INFO ExtensionManager] Creating instance: GitHub.Runner.Worker.EchoCommandExtension, Runner.Worker
[2026-08-22 05:05:46Z INFO ActionCommandManager] Register action command extension for command internal-set-repo-path
[2026-08-22 05:05:46Z INFO ActionCommandManager] Register action command extension for command set-env
[2026-08-22 05:05:46Z INFO ActionCommandManager] Register action command extension for command set-output
[2026-08-22 05:05:46Z INFO ActionCommandManager] Register action command extension for command save-state
[2026-08-22 05:05:46Z INFO ActionCommandManager] Register action command extension for command add-path
[2026-08-22 05:05:46Z INFO ActionCommandManager] Register action command extension for command add-mask
[2026-08-22 05:05:46Z INFO ActionCommandManager] Register action command extension for command add-matcher
[2026-08-22 05:05:46Z INFO ActionCommandManager] Register action command extension for command remove-matcher
[2026-08-22 05:05:46Z INFO ActionCommandManager] Register action command extension for command warning
[2026-08-22 05:05:46Z INFO ActionCommandManager] Register action command extension for command error
[2026-08-22 05:05:46Z INFO ActionCommandManager] Register action command extension for command notice
[2026-08-22 05:05:46Z INFO ActionCommandManager] Register action command extension for command debug
[2026-08-22 05:05:46Z INFO ActionCommandManager] Register action command extension for command group
[2026-08-22 05:05:46Z INFO ActionCommandManager] Register action command extension for command endgroup
[2026-08-22 05:05:46Z INFO ActionCommandManager] Register action command extension for command echo
[2026-08-22 05:05:46Z INFO HostContext] Well known directory 'Bin': 'D:\CodeSourcce\Remote-Learning-LUMER\actions-runner\bin'
[2026-08-22 05:05:46Z INFO HostContext] Well known directory 'Root': 'D:\CodeSourcce\Remote-Learning-LUMER\actions-runner'
[2026-08-22 05:05:46Z INFO HostContext] Well known directory 'Externals': 'D:\CodeSourcce\Remote-Learning-LUMER\actions-runner\externals'
[2026-08-22 05:05:46Z INFO ProcessInvokerWrapper] Starting process:
[2026-08-22 05:05:46Z INFO ProcessInvokerWrapper]   File name: 'D:\CodeSourcce\Remote-Learning-LUMER\actions-runner\externals\node24\bin\node.exe'
[2026-08-22 05:05:46Z INFO ProcessInvokerWrapper]   Arguments: '"D:\CodeSourcce\Remote-Learning-LUMER\actions-runner\_work\_actions\actions\checkout\v4\dist/index.js"'
[2026-08-22 05:05:46Z INFO ProcessInvokerWrapper]   Working directory: 'D:\CodeSourcce\Remote-Learning-LUMER\actions-runner\_work\K8s-version2\K8s-version2'
[2026-08-22 05:05:46Z INFO ProcessInvokerWrapper]   Require exit code zero: 'False'
[2026-08-22 05:05:46Z INFO ProcessInvokerWrapper]   Encoding web name: utf-8 ; code page: '65001'
[2026-08-22 05:05:46Z INFO ProcessInvokerWrapper]   Force kill process on cancellation: 'False'
[2026-08-22 05:05:46Z INFO ProcessInvokerWrapper]   Redirected STDIN: 'False'
[2026-08-22 05:05:46Z INFO ProcessInvokerWrapper]   Persist current code page: 'True'
[2026-08-22 05:05:46Z INFO ProcessInvokerWrapper]   Keep redirected STDIN open: 'False'
[2026-08-22 05:05:46Z INFO ProcessInvokerWrapper]   High priority process: 'False'
[2026-08-22 05:05:46Z INFO JobServerQueue] Try to append 1 batches web console lines for record '2d97fc0a-d28d-4ca1-bc1d-5e8af156a26f', success rate: 1/1.
[2026-08-22 05:05:46Z INFO JobServerQueue] Try to append 1 batches web console lines for record '7963ff46-0ed5-46c4-b81e-2ede8ce5e7ef', success rate: 1/1.
[2026-08-22 05:05:47Z INFO JobServerQueue] Got a step log file to send to results service.
[2026-08-22 05:05:47Z INFO JobServerQueue] Starting upload of step log file to results service ResultsLog, D:\CodeSourcce\Remote-Learning-LUMER\actions-runner\_diag\blocks\aa77f6f6-213d-4ada-a8e3-1a9322b63b64_2d97fc0a-d28d-4ca1-bc1d-5e8af156a26f.1
[2026-08-22 05:05:47Z INFO JobServerQueue] Try to upload 1 log files or attachments, success rate: 1/1.
[2026-08-22 05:05:48Z INFO ProcessInvokerWrapper] Process started with process id 28280, waiting for process exit.
[2026-08-22 05:05:49Z INFO JobServerQueue] Tried to upload 1 file(s) to results, success rate: 1/1.
[2026-08-22 05:05:49Z INFO AddMaskCommandExtension] Add new secret mask with length of 524
[2026-08-22 05:05:49Z INFO JobServerQueue] Try to append 1 batches web console lines for record '7963ff46-0ed5-46c4-b81e-2ede8ce5e7ef', success rate: 1/1.
[2026-08-22 05:05:49Z INFO JobServerQueue] Try to append 1 batches web console lines for record '7963ff46-0ed5-46c4-b81e-2ede8ce5e7ef', success rate: 1/1.
[2026-08-22 05:05:51Z INFO JobServerQueue] Try to append 1 batches web console lines for record '7963ff46-0ed5-46c4-b81e-2ede8ce5e7ef', success rate: 1/1.
[2026-08-22 05:05:52Z INFO JobServerQueue] Try to append 1 batches web console lines for record '7963ff46-0ed5-46c4-b81e-2ede8ce5e7ef', success rate: 1/1.
[2026-08-22 05:05:52Z INFO JobServerQueue] Try to append 1 batches web console lines for record '7963ff46-0ed5-46c4-b81e-2ede8ce5e7ef', success rate: 1/1.
[2026-08-22 05:05:53Z INFO JobServerQueue] Try to append 1 batches web console lines for record '7963ff46-0ed5-46c4-b81e-2ede8ce5e7ef', success rate: 1/1.
[2026-08-22 05:05:56Z INFO HostContext] Well known directory 'Bin': 'D:\CodeSourcce\Remote-Learning-LUMER\actions-runner\bin'
[2026-08-22 05:05:56Z INFO HostContext] Well known directory 'Root': 'D:\CodeSourcce\Remote-Learning-LUMER\actions-runner'
[2026-08-22 05:05:56Z INFO HostContext] Well known directory 'Work': 'D:\CodeSourcce\Remote-Learning-LUMER\actions-runner\_work'
[2026-08-22 05:06:06Z INFO HostContext] Well known directory 'Bin': 'D:\CodeSourcce\Remote-Learning-LUMER\actions-runner\bin'
[2026-08-22 05:06:06Z INFO HostContext] Well known directory 'Root': 'D:\CodeSourcce\Remote-Learning-LUMER\actions-runner'
[2026-08-22 05:06:06Z INFO HostContext] Well known directory 'Work': 'D:\CodeSourcce\Remote-Learning-LUMER\actions-runner\_work'
[2026-08-22 05:06:16Z INFO HostContext] Well known directory 'Bin': 'D:\CodeSourcce\Remote-Learning-LUMER\actions-runner\bin'
[2026-08-22 05:06:16Z INFO HostContext] Well known directory 'Root': 'D:\CodeSourcce\Remote-Learning-LUMER\actions-runner'
[2026-08-22 05:06:16Z INFO HostContext] Well known directory 'Work': 'D:\CodeSourcce\Remote-Learning-LUMER\actions-runner\_work'
[2026-08-22 05:06:26Z INFO HostContext] Well known directory 'Bin': 'D:\CodeSourcce\Remote-Learning-LUMER\actions-runner\bin'
[2026-08-22 05:06:26Z INFO HostContext] Well known directory 'Root': 'D:\CodeSourcce\Remote-Learning-LUMER\actions-runner'
[2026-08-22 05:06:26Z INFO HostContext] Well known directory 'Work': 'D:\CodeSourcce\Remote-Learning-LUMER\actions-runner\_work'
[2026-08-22 05:06:36Z INFO HostContext] Well known directory 'Bin': 'D:\CodeSourcce\Remote-Learning-LUMER\actions-runner\bin'
[2026-08-22 05:06:36Z INFO HostContext] Well known directory 'Root': 'D:\CodeSourcce\Remote-Learning-LUMER\actions-runner'
[2026-08-22 05:06:36Z INFO HostContext] Well known directory 'Work': 'D:\CodeSourcce\Remote-Learning-LUMER\actions-runner\_work'
[2026-08-22 05:06:46Z INFO HostContext] Well known directory 'Bin': 'D:\CodeSourcce\Remote-Learning-LUMER\actions-runner\bin'
[2026-08-22 05:06:46Z INFO HostContext] Well known directory 'Root': 'D:\CodeSourcce\Remote-Learning-LUMER\actions-runner'
[2026-08-22 05:06:46Z INFO HostContext] Well known directory 'Work': 'D:\CodeSourcce\Remote-Learning-LUMER\actions-runner\_work'
[2026-08-22 05:06:47Z INFO JobServerQueue] Stop aggressive process web console line queue.
[2026-08-22 05:06:56Z INFO HostContext] Well known directory 'Bin': 'D:\CodeSourcce\Remote-Learning-LUMER\actions-runner\bin'
[2026-08-22 05:06:56Z INFO HostContext] Well known directory 'Root': 'D:\CodeSourcce\Remote-Learning-LUMER\actions-runner'
[2026-08-22 05:06:56Z INFO HostContext] Well known directory 'Work': 'D:\CodeSourcce\Remote-Learning-LUMER\actions-runner\_work'
[2026-08-22 05:07:06Z INFO HostContext] Well known directory 'Bin': 'D:\CodeSourcce\Remote-Learning-LUMER\actions-runner\bin'
[2026-08-22 05:07:06Z INFO HostContext] Well known directory 'Root': 'D:\CodeSourcce\Remote-Learning-LUMER\actions-runner'
[2026-08-22 05:07:06Z INFO HostContext] Well known directory 'Work': 'D:\CodeSourcce\Remote-Learning-LUMER\actions-runner\_work'
[2026-08-22 05:07:16Z INFO HostContext] Well known directory 'Bin': 'D:\CodeSourcce\Remote-Learning-LUMER\actions-runner\bin'
[2026-08-22 05:07:16Z INFO HostContext] Well known directory 'Root': 'D:\CodeSourcce\Remote-Learning-LUMER\actions-runner'
[2026-08-22 05:07:16Z INFO HostContext] Well known directory 'Work': 'D:\CodeSourcce\Remote-Learning-LUMER\actions-runner\_work'
[2026-08-22 05:07:26Z INFO HostContext] Well known directory 'Bin': 'D:\CodeSourcce\Remote-Learning-LUMER\actions-runner\bin'
[2026-08-22 05:07:26Z INFO HostContext] Well known directory 'Root': 'D:\CodeSourcce\Remote-Learning-LUMER\actions-runner'
[2026-08-22 05:07:26Z INFO HostContext] Well known directory 'Work': 'D:\CodeSourcce\Remote-Learning-LUMER\actions-runner\_work'
[2026-08-22 05:07:36Z INFO HostContext] Well known directory 'Bin': 'D:\CodeSourcce\Remote-Learning-LUMER\actions-runner\bin'
[2026-08-22 05:07:36Z INFO HostContext] Well known directory 'Root': 'D:\CodeSourcce\Remote-Learning-LUMER\actions-runner'
[2026-08-22 05:07:36Z INFO HostContext] Well known directory 'Work': 'D:\CodeSourcce\Remote-Learning-LUMER\actions-runner\_work'
[2026-08-22 05:07:46Z INFO HostContext] Well known directory 'Bin': 'D:\CodeSourcce\Remote-Learning-LUMER\actions-runner\bin'
[2026-08-22 05:07:46Z INFO HostContext] Well known directory 'Root': 'D:\CodeSourcce\Remote-Learning-LUMER\actions-runner'
[2026-08-22 05:07:46Z INFO HostContext] Well known directory 'Work': 'D:\CodeSourcce\Remote-Learning-LUMER\actions-runner\_work'
[2026-08-22 05:07:56Z INFO HostContext] Well known directory 'Bin': 'D:\CodeSourcce\Remote-Learning-LUMER\actions-runner\bin'
[2026-08-22 05:07:56Z INFO HostContext] Well known directory 'Root': 'D:\CodeSourcce\Remote-Learning-LUMER\actions-runner'
[2026-08-22 05:07:56Z INFO HostContext] Well known directory 'Work': 'D:\CodeSourcce\Remote-Learning-LUMER\actions-runner\_work'
[2026-08-22 05:08:06Z INFO HostContext] Well known directory 'Bin': 'D:\CodeSourcce\Remote-Learning-LUMER\actions-runner\bin'
[2026-08-22 05:08:06Z INFO HostContext] Well known directory 'Root': 'D:\CodeSourcce\Remote-Learning-LUMER\actions-runner'
[2026-08-22 05:08:06Z INFO HostContext] Well known directory 'Work': 'D:\CodeSourcce\Remote-Learning-LUMER\actions-runner\_work'
[2026-08-22 05:08:16Z INFO HostContext] Well known directory 'Bin': 'D:\CodeSourcce\Remote-Learning-LUMER\actions-runner\bin'
[2026-08-22 05:08:16Z INFO HostContext] Well known directory 'Root': 'D:\CodeSourcce\Remote-Learning-LUMER\actions-runner'
[2026-08-22 05:08:16Z INFO HostContext] Well known directory 'Work': 'D:\CodeSourcce\Remote-Learning-LUMER\actions-runner\_work'
[2026-08-22 05:08:26Z INFO HostContext] Well known directory 'Bin': 'D:\CodeSourcce\Remote-Learning-LUMER\actions-runner\bin'
[2026-08-22 05:08:26Z INFO HostContext] Well known directory 'Root': 'D:\CodeSourcce\Remote-Learning-LUMER\actions-runner'
[2026-08-22 05:08:26Z INFO HostContext] Well known directory 'Work': 'D:\CodeSourcce\Remote-Learning-LUMER\actions-runner\_work'
[2026-08-22 05:08:36Z INFO HostContext] Well known directory 'Bin': 'D:\CodeSourcce\Remote-Learning-LUMER\actions-runner\bin'
[2026-08-22 05:08:36Z INFO HostContext] Well known directory 'Root': 'D:\CodeSourcce\Remote-Learning-LUMER\actions-runner'
[2026-08-22 05:08:36Z INFO HostContext] Well known directory 'Work': 'D:\CodeSourcce\Remote-Learning-LUMER\actions-runner\_work'
[2026-08-22 05:08:46Z INFO HostContext] Well known directory 'Bin': 'D:\CodeSourcce\Remote-Learning-LUMER\actions-runner\bin'
[2026-08-22 05:08:46Z INFO HostContext] Well known directory 'Root': 'D:\CodeSourcce\Remote-Learning-LUMER\actions-runner'
[2026-08-22 05:08:46Z INFO HostContext] Well known directory 'Work': 'D:\CodeSourcce\Remote-Learning-LUMER\actions-runner\_work'
[2026-08-22 05:08:56Z INFO HostContext] Well known directory 'Bin': 'D:\CodeSourcce\Remote-Learning-LUMER\actions-runner\bin'
[2026-08-22 05:08:56Z INFO HostContext] Well known directory 'Root': 'D:\CodeSourcce\Remote-Learning-LUMER\actions-runner'
[2026-08-22 05:08:56Z INFO HostContext] Well known directory 'Work': 'D:\CodeSourcce\Remote-Learning-LUMER\actions-runner\_work'
[2026-08-22 05:09:06Z INFO HostContext] Well known directory 'Bin': 'D:\CodeSourcce\Remote-Learning-LUMER\actions-runner\bin'
[2026-08-22 05:09:06Z INFO HostContext] Well known directory 'Root': 'D:\CodeSourcce\Remote-Learning-LUMER\actions-runner'
[2026-08-22 05:09:06Z INFO HostContext] Well known directory 'Work': 'D:\CodeSourcce\Remote-Learning-LUMER\actions-runner\_work'
[2026-08-22 05:09:16Z INFO HostContext] Well known directory 'Bin': 'D:\CodeSourcce\Remote-Learning-LUMER\actions-runner\bin'
[2026-08-22 05:09:16Z INFO HostContext] Well known directory 'Root': 'D:\CodeSourcce\Remote-Learning-LUMER\actions-runner'
[2026-08-22 05:09:16Z INFO HostContext] Well known directory 'Work': 'D:\CodeSourcce\Remote-Learning-LUMER\actions-runner\_work'
[2026-08-22 05:09:26Z INFO HostContext] Well known directory 'Bin': 'D:\CodeSourcce\Remote-Learning-LUMER\actions-runner\bin'
[2026-08-22 05:09:26Z INFO HostContext] Well known directory 'Root': 'D:\CodeSourcce\Remote-Learning-LUMER\actions-runner'
[2026-08-22 05:09:26Z INFO HostContext] Well known directory 'Work': 'D:\CodeSourcce\Remote-Learning-LUMER\actions-runner\_work'
[2026-08-22 05:09:36Z INFO HostContext] Well known directory 'Bin': 'D:\CodeSourcce\Remote-Learning-LUMER\actions-runner\bin'
[2026-08-22 05:09:36Z INFO HostContext] Well known directory 'Root': 'D:\CodeSourcce\Remote-Learning-LUMER\actions-runner'
[2026-08-22 05:09:36Z INFO HostContext] Well known directory 'Work': 'D:\CodeSourcce\Remote-Learning-LUMER\actions-runner\_work'
[2026-08-22 05:09:46Z INFO HostContext] Well known directory 'Bin': 'D:\CodeSourcce\Remote-Learning-LUMER\actions-runner\bin'
[2026-08-22 05:09:46Z INFO HostContext] Well known directory 'Root': 'D:\CodeSourcce\Remote-Learning-LUMER\actions-runner'
[2026-08-22 05:09:46Z INFO HostContext] Well known directory 'Work': 'D:\CodeSourcce\Remote-Learning-LUMER\actions-runner\_work'
[2026-08-22 05:09:56Z INFO HostContext] Well known directory 'Bin': 'D:\CodeSourcce\Remote-Learning-LUMER\actions-runner\bin'
[2026-08-22 05:09:56Z INFO HostContext] Well known directory 'Root': 'D:\CodeSourcce\Remote-Learning-LUMER\actions-runner'
[2026-08-22 05:09:56Z INFO HostContext] Well known directory 'Work': 'D:\CodeSourcce\Remote-Learning-LUMER\actions-runner\_work'
[2026-08-22 05:10:06Z INFO HostContext] Well known directory 'Bin': 'D:\CodeSourcce\Remote-Learning-LUMER\actions-runner\bin'
[2026-08-22 05:10:06Z INFO HostContext] Well known directory 'Root': 'D:\CodeSourcce\Remote-Learning-LUMER\actions-runner'
[2026-08-22 05:10:06Z INFO HostContext] Well known directory 'Work': 'D:\CodeSourcce\Remote-Learning-LUMER\actions-runner\_work'
[2026-08-22 05:10:16Z INFO HostContext] Well known directory 'Bin': 'D:\CodeSourcce\Remote-Learning-LUMER\actions-runner\bin'
[2026-08-22 05:10:16Z INFO HostContext] Well known directory 'Root': 'D:\CodeSourcce\Remote-Learning-LUMER\actions-runner'
[2026-08-22 05:10:16Z INFO HostContext] Well known directory 'Work': 'D:\CodeSourcce\Remote-Learning-LUMER\actions-runner\_work'
[2026-08-22 05:10:26Z INFO HostContext] Well known directory 'Bin': 'D:\CodeSourcce\Remote-Learning-LUMER\actions-runner\bin'
[2026-08-22 05:10:26Z INFO HostContext] Well known directory 'Root': 'D:\CodeSourcce\Remote-Learning-LUMER\actions-runner'
[2026-08-22 05:10:26Z INFO HostContext] Well known directory 'Work': 'D:\CodeSourcce\Remote-Learning-LUMER\actions-runner\_work'
[2026-08-22 05:10:36Z INFO HostContext] Well known directory 'Bin': 'D:\CodeSourcce\Remote-Learning-LUMER\actions-runner\bin'
[2026-08-22 05:10:36Z INFO HostContext] Well known directory 'Root': 'D:\CodeSourcce\Remote-Learning-LUMER\actions-runner'
[2026-08-22 05:10:36Z INFO HostContext] Well known directory 'Work': 'D:\CodeSourcce\Remote-Learning-LUMER\actions-runner\_work'
[2026-08-22 05:10:45Z INFO JobServerQueue] Try to append 1 batches web console lines for record '7963ff46-0ed5-46c4-b81e-2ede8ce5e7ef', success rate: 1/1.
[2026-08-22 05:10:46Z INFO JobServerQueue] Try to append 1 batches web console lines for record '7963ff46-0ed5-46c4-b81e-2ede8ce5e7ef', success rate: 1/1.
[2026-08-22 05:10:46Z INFO HostContext] Well known directory 'Bin': 'D:\CodeSourcce\Remote-Learning-LUMER\actions-runner\bin'
[2026-08-22 05:10:46Z INFO HostContext] Well known directory 'Root': 'D:\CodeSourcce\Remote-Learning-LUMER\actions-runner'
[2026-08-22 05:10:46Z INFO HostContext] Well known directory 'Work': 'D:\CodeSourcce\Remote-Learning-LUMER\actions-runner\_work'
[2026-08-22 05:10:47Z INFO JobServerQueue] Try to append 1 batches web console lines for record '7963ff46-0ed5-46c4-b81e-2ede8ce5e7ef', success rate: 1/1.
[2026-08-22 05:10:48Z INFO JobServerQueue] Try to append 1 batches web console lines for record '7963ff46-0ed5-46c4-b81e-2ede8ce5e7ef', success rate: 1/1.
[2026-08-22 05:10:48Z INFO ProcessInvokerWrapper] STDOUT/STDERR stream read finished.
[2026-08-22 05:10:48Z INFO ProcessInvokerWrapper] STDOUT/STDERR stream read finished.
[2026-08-22 05:10:48Z INFO ProcessInvokerWrapper] Finished process 28280 with exit code 0, and elapsed time 00:05:02.0322192.
[2026-08-22 05:10:48Z INFO CreateStepSummaryCommand] Step Summary file (D:\CodeSourcce\Remote-Learning-LUMER\actions-runner\_work\_temp\_runner_file_commands\step_summary_19b480d6-70e1-4608-9446-0341968632c6) is empty; skipping attachment upload
[2026-08-22 05:10:48Z INFO StepsRunner] Step result: 
[2026-08-22 05:10:48Z INFO ExecutionContext] Publish step telemetry for current step {
  "action": "actions/checkout",
  "ref": "v4",
  "type": "node24",
  "stage": "Main",
  "stepId": "7963ff46-0ed5-46c4-b81e-2ede8ce5e7ef",
  "stepContextName": "__actions_checkout",
  "hasPreStep": false,
  "hasPostStep": true,
  "result": "succeeded",
  "errorMessages": [],
  "executionTimeInSeconds": 303,
  "startTime": "2026-08-22T05:05:46.7400499Z",
  "finishTime": "2026-08-22T05:10:48.8942295Z"
}.
[2026-08-22 05:10:48Z INFO StepsRunner] No need for updating job result with current step result 'Succeeded'.
[2026-08-22 05:10:48Z INFO StepsRunner] Current state: job state = ''
[2026-08-22 05:10:48Z INFO StepsRunner] Processing step: DisplayName='Thay the __DOCKER_USERNAME__ bang registry that trong manifest'
[2026-08-22 05:10:48Z INFO StepsRunner] Evaluating: success()
[2026-08-22 05:10:48Z INFO StepsRunner] Result: true
[2026-08-22 05:10:48Z INFO StepsRunner] Starting the step.
[2026-08-22 05:10:48Z INFO HostContext] Well known directory 'Bin': 'D:\CodeSourcce\Remote-Learning-LUMER\actions-runner\bin'
[2026-08-22 05:10:48Z INFO HostContext] Well known directory 'Root': 'D:\CodeSourcce\Remote-Learning-LUMER\actions-runner'
[2026-08-22 05:10:48Z INFO HostContext] Well known directory 'Work': 'D:\CodeSourcce\Remote-Learning-LUMER\actions-runner\_work'
[2026-08-22 05:10:48Z INFO StepsRunner] Which2: 'chcp'
[2026-08-22 05:10:48Z INFO StepsRunner] Location: 'C:\Windows\system32\chcp.COM'
[2026-08-22 05:10:48Z INFO ProcessInvokerWrapper] Starting process:
[2026-08-22 05:10:48Z INFO ProcessInvokerWrapper]   File name: 'C:\Windows\system32\chcp.COM'
[2026-08-22 05:10:48Z INFO ProcessInvokerWrapper]   Arguments: '65001'
[2026-08-22 05:10:48Z INFO ProcessInvokerWrapper]   Working directory: 'D:\CodeSourcce\Remote-Learning-LUMER\actions-runner\_work'
[2026-08-22 05:10:48Z INFO ProcessInvokerWrapper]   Require exit code zero: 'False'
[2026-08-22 05:10:48Z INFO ProcessInvokerWrapper]   Encoding web name:  ; code page: ''
[2026-08-22 05:10:48Z INFO ProcessInvokerWrapper]   Force kill process on cancellation: 'False'
[2026-08-22 05:10:48Z INFO ProcessInvokerWrapper]   Redirected STDIN: 'False'
[2026-08-22 05:10:48Z INFO ProcessInvokerWrapper]   Persist current code page: 'True'
[2026-08-22 05:10:48Z INFO ProcessInvokerWrapper]   Keep redirected STDIN open: 'False'
[2026-08-22 05:10:48Z INFO ProcessInvokerWrapper]   High priority process: 'False'
[2026-08-22 05:10:48Z INFO ProcessInvokerWrapper] Process started with process id 26536, waiting for process exit.
[2026-08-22 05:10:48Z INFO ProcessInvokerWrapper] STDOUT/STDERR stream read finished.
[2026-08-22 05:10:48Z INFO ProcessInvokerWrapper] STDOUT/STDERR stream read finished.
[2026-08-22 05:10:48Z INFO ProcessInvokerWrapper] Finished process 26536 with exit code 0, and elapsed time 00:00:00.0147440.
[2026-08-22 05:10:48Z INFO StepsRunner] Successfully returned to code page 65001 (UTF8)
[2026-08-22 05:10:48Z INFO HostContext] Well known directory 'Bin': 'D:\CodeSourcce\Remote-Learning-LUMER\actions-runner\bin'
[2026-08-22 05:10:48Z INFO HostContext] Well known directory 'Root': 'D:\CodeSourcce\Remote-Learning-LUMER\actions-runner'
[2026-08-22 05:10:48Z INFO HostContext] Well known directory 'Work': 'D:\CodeSourcce\Remote-Learning-LUMER\actions-runner\_work'
[2026-08-22 05:10:48Z INFO HostContext] Well known directory 'Temp': 'D:\CodeSourcce\Remote-Learning-LUMER\actions-runner\_work\_temp'
[2026-08-22 05:10:48Z INFO ExecutionContext] Write event payload to D:\CodeSourcce\Remote-Learning-LUMER\actions-runner\_work\_temp\_github_workflow\event.json
[2026-08-22 05:10:48Z INFO HostContext] Well known directory 'Bin': 'D:\CodeSourcce\Remote-Learning-LUMER\actions-runner\bin'
[2026-08-22 05:10:48Z INFO HostContext] Well known directory 'Root': 'D:\CodeSourcce\Remote-Learning-LUMER\actions-runner'
[2026-08-22 05:10:48Z INFO HostContext] Well known directory 'Work': 'D:\CodeSourcce\Remote-Learning-LUMER\actions-runner\_work'
[2026-08-22 05:10:48Z INFO HostContext] Well known directory 'Temp': 'D:\CodeSourcce\Remote-Learning-LUMER\actions-runner\_work\_temp'
[2026-08-22 05:10:48Z INFO ExtensionManager] Getting extensions for interface: 'GitHub.Runner.Worker.IFileCommandExtension'
[2026-08-22 05:10:48Z INFO ExtensionManager] Getting extensions for interface: 'GitHub.Runner.Worker.IActionCommandExtension'
[2026-08-22 05:10:48Z INFO ActionCommandManager] Register action command extension for command internal-set-repo-path
[2026-08-22 05:10:48Z INFO ActionCommandManager] Register action command extension for command set-env
[2026-08-22 05:10:48Z INFO ActionCommandManager] Register action command extension for command set-output
[2026-08-22 05:10:48Z INFO ActionCommandManager] Register action command extension for command save-state
[2026-08-22 05:10:48Z INFO ActionCommandManager] Register action command extension for command add-path
[2026-08-22 05:10:48Z INFO ActionCommandManager] Register action command extension for command add-mask
[2026-08-22 05:10:48Z INFO ActionCommandManager] Register action command extension for command add-matcher
[2026-08-22 05:10:48Z INFO ActionCommandManager] Register action command extension for command remove-matcher
[2026-08-22 05:10:48Z INFO ActionCommandManager] Register action command extension for command warning
[2026-08-22 05:10:48Z INFO ActionCommandManager] Register action command extension for command error
[2026-08-22 05:10:48Z INFO ActionCommandManager] Register action command extension for command notice
[2026-08-22 05:10:48Z INFO ActionCommandManager] Register action command extension for command debug
[2026-08-22 05:10:48Z INFO ActionCommandManager] Register action command extension for command group
[2026-08-22 05:10:48Z INFO ActionCommandManager] Register action command extension for command endgroup
[2026-08-22 05:10:48Z INFO ActionCommandManager] Register action command extension for command echo
[2026-08-22 05:10:48Z INFO ScriptHandler] Which2: 'powershell'
[2026-08-22 05:10:48Z INFO ScriptHandler] Location: 'C:\Windows\System32\WindowsPowerShell\v1.0\powershell.EXE'
[2026-08-22 05:10:48Z INFO HostContext] Well known directory 'Bin': 'D:\CodeSourcce\Remote-Learning-LUMER\actions-runner\bin'
[2026-08-22 05:10:48Z INFO HostContext] Well known directory 'Root': 'D:\CodeSourcce\Remote-Learning-LUMER\actions-runner'
[2026-08-22 05:10:48Z INFO HostContext] Well known directory 'Work': 'D:\CodeSourcce\Remote-Learning-LUMER\actions-runner\_work'
[2026-08-22 05:10:48Z INFO HostContext] Well known directory 'Temp': 'D:\CodeSourcce\Remote-Learning-LUMER\actions-runner\_work\_temp'
[2026-08-22 05:10:48Z INFO ScriptHandler] Which2: 'powershell'
[2026-08-22 05:10:48Z INFO ScriptHandler] Location: 'C:\Windows\System32\WindowsPowerShell\v1.0\powershell.EXE'
[2026-08-22 05:10:48Z INFO ProcessInvokerWrapper] Starting process:
[2026-08-22 05:10:48Z INFO ProcessInvokerWrapper]   File name: 'C:\Windows\System32\WindowsPowerShell\v1.0\powershell.EXE'
[2026-08-22 05:10:48Z INFO ProcessInvokerWrapper]   Arguments: '-command ". 'D:\CodeSourcce\Remote-Learning-LUMER\actions-runner\_work\_temp\e868deb9-2214-4c62-baaf-16c7291173bf.ps1'"'
[2026-08-22 05:10:48Z INFO ProcessInvokerWrapper]   Working directory: 'D:\CodeSourcce\Remote-Learning-LUMER\actions-runner\_work\K8s-version2\K8s-version2'
[2026-08-22 05:10:48Z INFO ProcessInvokerWrapper]   Require exit code zero: 'False'
[2026-08-22 05:10:48Z INFO ProcessInvokerWrapper]   Encoding web name:  ; code page: ''
[2026-08-22 05:10:48Z INFO ProcessInvokerWrapper]   Force kill process on cancellation: 'False'
[2026-08-22 05:10:48Z INFO ProcessInvokerWrapper]   Redirected STDIN: 'False'
[2026-08-22 05:10:48Z INFO ProcessInvokerWrapper]   Persist current code page: 'True'
[2026-08-22 05:10:48Z INFO ProcessInvokerWrapper]   Keep redirected STDIN open: 'False'
[2026-08-22 05:10:48Z INFO ProcessInvokerWrapper]   High priority process: 'False'
[2026-08-22 05:10:48Z INFO ProcessInvokerWrapper] Process started with process id 3016, waiting for process exit.
[2026-08-22 05:10:48Z INFO JobServerQueue] Try to append 1 batches web console lines for record '7963ff46-0ed5-46c4-b81e-2ede8ce5e7ef', success rate: 1/1.
[2026-08-22 05:10:48Z INFO JobServerQueue] Try to append 1 batches web console lines for record '1225738d-e062-4731-9b84-9b08c9fbdc9a', success rate: 1/1.
[2026-08-22 05:10:49Z INFO JobServerQueue] Got a step log file to send to results service.
[2026-08-22 05:10:49Z INFO JobServerQueue] Starting upload of step log file to results service ResultsLog, D:\CodeSourcce\Remote-Learning-LUMER\actions-runner\_diag\blocks\aa77f6f6-213d-4ada-a8e3-1a9322b63b64_7963ff46-0ed5-46c4-b81e-2ede8ce5e7ef.1
[2026-08-22 05:10:49Z INFO ProcessInvokerWrapper] STDOUT/STDERR stream read finished.
[2026-08-22 05:10:49Z INFO ProcessInvokerWrapper] STDOUT/STDERR stream read finished.
[2026-08-22 05:10:49Z INFO ProcessInvokerWrapper] Finished process 3016 with exit code 0, and elapsed time 00:00:00.3843184.
[2026-08-22 05:10:49Z INFO CreateStepSummaryCommand] Step Summary file (D:\CodeSourcce\Remote-Learning-LUMER\actions-runner\_work\_temp\_runner_file_commands\step_summary_7f5632e8-e3e4-4bd9-a3a1-ab5013f8d5e9) is empty; skipping attachment upload
[2026-08-22 05:10:49Z INFO StepsRunner] Step result: 
[2026-08-22 05:10:49Z INFO ExecutionContext] Publish step telemetry for current step {
  "action": "powershell",
  "type": "run",
  "stage": "Main",
  "stepId": "1225738d-e062-4731-9b84-9b08c9fbdc9a",
  "stepContextName": "__run",
  "result": "succeeded",
  "errorMessages": [],
  "executionTimeInSeconds": 1,
  "startTime": "2026-08-22T05:10:48.8960007Z",
  "finishTime": "2026-08-22T05:10:49.323524Z"
}.
[2026-08-22 05:10:49Z INFO StepsRunner] No need for updating job result with current step result 'Succeeded'.
[2026-08-22 05:10:49Z INFO StepsRunner] Current state: job state = ''
[2026-08-22 05:10:49Z INFO StepsRunner] Processing step: DisplayName='Deploy Manifests'
[2026-08-22 05:10:49Z INFO StepsRunner] Evaluating: success()
[2026-08-22 05:10:49Z INFO StepsRunner] Result: true
[2026-08-22 05:10:49Z INFO StepsRunner] Starting the step.
[2026-08-22 05:10:49Z INFO HostContext] Well known directory 'Bin': 'D:\CodeSourcce\Remote-Learning-LUMER\actions-runner\bin'
[2026-08-22 05:10:49Z INFO HostContext] Well known directory 'Root': 'D:\CodeSourcce\Remote-Learning-LUMER\actions-runner'
[2026-08-22 05:10:49Z INFO HostContext] Well known directory 'Work': 'D:\CodeSourcce\Remote-Learning-LUMER\actions-runner\_work'
[2026-08-22 05:10:49Z INFO StepsRunner] Which2: 'chcp'
[2026-08-22 05:10:49Z INFO StepsRunner] Location: 'C:\Windows\system32\chcp.COM'
[2026-08-22 05:10:49Z INFO ProcessInvokerWrapper] Starting process:
[2026-08-22 05:10:49Z INFO ProcessInvokerWrapper]   File name: 'C:\Windows\system32\chcp.COM'
[2026-08-22 05:10:49Z INFO ProcessInvokerWrapper]   Arguments: '65001'
[2026-08-22 05:10:49Z INFO ProcessInvokerWrapper]   Working directory: 'D:\CodeSourcce\Remote-Learning-LUMER\actions-runner\_work'
[2026-08-22 05:10:49Z INFO ProcessInvokerWrapper]   Require exit code zero: 'False'
[2026-08-22 05:10:49Z INFO ProcessInvokerWrapper]   Encoding web name:  ; code page: ''
[2026-08-22 05:10:49Z INFO ProcessInvokerWrapper]   Force kill process on cancellation: 'False'
[2026-08-22 05:10:49Z INFO ProcessInvokerWrapper]   Redirected STDIN: 'False'
[2026-08-22 05:10:49Z INFO ProcessInvokerWrapper]   Persist current code page: 'True'
[2026-08-22 05:10:49Z INFO ProcessInvokerWrapper]   Keep redirected STDIN open: 'False'
[2026-08-22 05:10:49Z INFO ProcessInvokerWrapper]   High priority process: 'False'
[2026-08-22 05:10:49Z INFO ProcessInvokerWrapper] Process started with process id 15556, waiting for process exit.
[2026-08-22 05:10:49Z INFO JobServerQueue] Try to upload 2 log files or attachments, success rate: 2/2.
[2026-08-22 05:10:49Z INFO ProcessInvokerWrapper] STDOUT/STDERR stream read finished.
[2026-08-22 05:10:49Z INFO ProcessInvokerWrapper] STDOUT/STDERR stream read finished.
[2026-08-22 05:10:49Z INFO ProcessInvokerWrapper] Finished process 15556 with exit code 0, and elapsed time 00:00:00.0133631.
[2026-08-22 05:10:49Z INFO StepsRunner] Successfully returned to code page 65001 (UTF8)
[2026-08-22 05:10:49Z INFO HostContext] Well known directory 'Bin': 'D:\CodeSourcce\Remote-Learning-LUMER\actions-runner\bin'
[2026-08-22 05:10:49Z INFO HostContext] Well known directory 'Root': 'D:\CodeSourcce\Remote-Learning-LUMER\actions-runner'
[2026-08-22 05:10:49Z INFO HostContext] Well known directory 'Work': 'D:\CodeSourcce\Remote-Learning-LUMER\actions-runner\_work'
[2026-08-22 05:10:49Z INFO HostContext] Well known directory 'Temp': 'D:\CodeSourcce\Remote-Learning-LUMER\actions-runner\_work\_temp'
[2026-08-22 05:10:49Z INFO ExecutionContext] Write event payload to D:\CodeSourcce\Remote-Learning-LUMER\actions-runner\_work\_temp\_github_workflow\event.json
[2026-08-22 05:10:49Z INFO HostContext] Well known directory 'Bin': 'D:\CodeSourcce\Remote-Learning-LUMER\actions-runner\bin'
[2026-08-22 05:10:49Z INFO HostContext] Well known directory 'Root': 'D:\CodeSourcce\Remote-Learning-LUMER\actions-runner'
[2026-08-22 05:10:49Z INFO HostContext] Well known directory 'Work': 'D:\CodeSourcce\Remote-Learning-LUMER\actions-runner\_work'
[2026-08-22 05:10:49Z INFO HostContext] Well known directory 'Temp': 'D:\CodeSourcce\Remote-Learning-LUMER\actions-runner\_work\_temp'
[2026-08-22 05:10:49Z INFO ExtensionManager] Getting extensions for interface: 'GitHub.Runner.Worker.IFileCommandExtension'
[2026-08-22 05:10:49Z INFO ExtensionManager] Getting extensions for interface: 'GitHub.Runner.Worker.IActionCommandExtension'
[2026-08-22 05:10:49Z INFO ActionCommandManager] Register action command extension for command internal-set-repo-path
[2026-08-22 05:10:49Z INFO ActionCommandManager] Register action command extension for command set-env
[2026-08-22 05:10:49Z INFO ActionCommandManager] Register action command extension for command set-output
[2026-08-22 05:10:49Z INFO ActionCommandManager] Register action command extension for command save-state
[2026-08-22 05:10:49Z INFO ActionCommandManager] Register action command extension for command add-path
[2026-08-22 05:10:49Z INFO ActionCommandManager] Register action command extension for command add-mask
[2026-08-22 05:10:49Z INFO ActionCommandManager] Register action command extension for command add-matcher
[2026-08-22 05:10:49Z INFO ActionCommandManager] Register action command extension for command remove-matcher
[2026-08-22 05:10:49Z INFO ActionCommandManager] Register action command extension for command warning
[2026-08-22 05:10:49Z INFO ActionCommandManager] Register action command extension for command error
[2026-08-22 05:10:49Z INFO ActionCommandManager] Register action command extension for command notice
[2026-08-22 05:10:49Z INFO ActionCommandManager] Register action command extension for command debug
[2026-08-22 05:10:49Z INFO ActionCommandManager] Register action command extension for command group
[2026-08-22 05:10:49Z INFO ActionCommandManager] Register action command extension for command endgroup
[2026-08-22 05:10:49Z INFO ActionCommandManager] Register action command extension for command echo
[2026-08-22 05:10:49Z INFO ScriptHandler] Which2: 'powershell'
[2026-08-22 05:10:49Z INFO ScriptHandler] Location: 'C:\Windows\System32\WindowsPowerShell\v1.0\powershell.EXE'
[2026-08-22 05:10:49Z INFO HostContext] Well known directory 'Bin': 'D:\CodeSourcce\Remote-Learning-LUMER\actions-runner\bin'
[2026-08-22 05:10:49Z INFO HostContext] Well known directory 'Root': 'D:\CodeSourcce\Remote-Learning-LUMER\actions-runner'
[2026-08-22 05:10:49Z INFO HostContext] Well known directory 'Work': 'D:\CodeSourcce\Remote-Learning-LUMER\actions-runner\_work'
[2026-08-22 05:10:49Z INFO HostContext] Well known directory 'Temp': 'D:\CodeSourcce\Remote-Learning-LUMER\actions-runner\_work\_temp'
[2026-08-22 05:10:49Z INFO ScriptHandler] Which2: 'powershell'
[2026-08-22 05:10:49Z INFO ScriptHandler] Location: 'C:\Windows\System32\WindowsPowerShell\v1.0\powershell.EXE'
[2026-08-22 05:10:49Z INFO ProcessInvokerWrapper] Starting process:
[2026-08-22 05:10:49Z INFO ProcessInvokerWrapper]   File name: 'C:\Windows\System32\WindowsPowerShell\v1.0\powershell.EXE'
[2026-08-22 05:10:49Z INFO ProcessInvokerWrapper]   Arguments: '-command ". 'D:\CodeSourcce\Remote-Learning-LUMER\actions-runner\_work\_temp\512dc228-c29e-4d3d-a53f-cda268c7e1e7.ps1'"'
[2026-08-22 05:10:49Z INFO ProcessInvokerWrapper]   Working directory: 'D:\CodeSourcce\Remote-Learning-LUMER\actions-runner\_work\K8s-version2\K8s-version2'
[2026-08-22 05:10:49Z INFO ProcessInvokerWrapper]   Require exit code zero: 'False'
[2026-08-22 05:10:49Z INFO ProcessInvokerWrapper]   Encoding web name:  ; code page: ''
[2026-08-22 05:10:49Z INFO ProcessInvokerWrapper]   Force kill process on cancellation: 'False'
[2026-08-22 05:10:49Z INFO ProcessInvokerWrapper]   Redirected STDIN: 'False'
[2026-08-22 05:10:49Z INFO ProcessInvokerWrapper]   Persist current code page: 'True'
[2026-08-22 05:10:49Z INFO ProcessInvokerWrapper]   Keep redirected STDIN open: 'False'
[2026-08-22 05:10:49Z INFO ProcessInvokerWrapper]   High priority process: 'False'
[2026-08-22 05:10:49Z INFO ProcessInvokerWrapper] Process started with process id 12624, waiting for process exit.
[2026-08-22 05:10:49Z INFO JobServerQueue] Try to append 1 batches web console lines for record 'fc957568-c532-4faf-8dae-6a8200e35376', success rate: 1/1.
[2026-08-22 05:10:50Z INFO JobServerQueue] Try to append 1 batches web console lines for record 'fc957568-c532-4faf-8dae-6a8200e35376', success rate: 1/1.
[2026-08-22 05:10:50Z INFO JobServerQueue] Try to append 1 batches web console lines for record 'fc957568-c532-4faf-8dae-6a8200e35376', success rate: 1/1.
[2026-08-22 05:10:51Z INFO JobServerQueue] Try to append 1 batches web console lines for record 'fc957568-c532-4faf-8dae-6a8200e35376', success rate: 1/1.
[2026-08-22 05:10:51Z INFO JobServerQueue] Tried to upload 1 file(s) to results, success rate: 1/1.
[2026-08-22 05:10:51Z INFO JobServerQueue] Try to append 1 batches web console lines for record 'fc957568-c532-4faf-8dae-6a8200e35376', success rate: 1/1.
[2026-08-22 05:10:52Z INFO JobServerQueue] Got a step log file to send to results service.
[2026-08-22 05:10:52Z INFO JobServerQueue] Starting upload of step log file to results service ResultsLog, D:\CodeSourcce\Remote-Learning-LUMER\actions-runner\_diag\blocks\aa77f6f6-213d-4ada-a8e3-1a9322b63b64_1225738d-e062-4731-9b84-9b08c9fbdc9a.1
[2026-08-22 05:10:53Z INFO JobServerQueue] Tried to upload 1 file(s) to results, success rate: 1/1.
[2026-08-22 05:10:56Z INFO HostContext] Well known directory 'Bin': 'D:\CodeSourcce\Remote-Learning-LUMER\actions-runner\bin'
[2026-08-22 05:10:56Z INFO HostContext] Well known directory 'Root': 'D:\CodeSourcce\Remote-Learning-LUMER\actions-runner'
[2026-08-22 05:10:56Z INFO HostContext] Well known directory 'Work': 'D:\CodeSourcce\Remote-Learning-LUMER\actions-runner\_work'
[2026-08-22 05:11:06Z INFO HostContext] Well known directory 'Bin': 'D:\CodeSourcce\Remote-Learning-LUMER\actions-runner\bin'
[2026-08-22 05:11:06Z INFO HostContext] Well known directory 'Root': 'D:\CodeSourcce\Remote-Learning-LUMER\actions-runner'
[2026-08-22 05:11:06Z INFO HostContext] Well known directory 'Work': 'D:\CodeSourcce\Remote-Learning-LUMER\actions-runner\_work'
[2026-08-22 05:11:16Z INFO HostContext] Well known directory 'Bin': 'D:\CodeSourcce\Remote-Learning-LUMER\actions-runner\bin'
[2026-08-22 05:11:16Z INFO HostContext] Well known directory 'Root': 'D:\CodeSourcce\Remote-Learning-LUMER\actions-runner'
[2026-08-22 05:11:16Z INFO HostContext] Well known directory 'Work': 'D:\CodeSourcce\Remote-Learning-LUMER\actions-runner\_work'
[2026-08-22 05:11:26Z INFO HostContext] Well known directory 'Bin': 'D:\CodeSourcce\Remote-Learning-LUMER\actions-runner\bin'
[2026-08-22 05:11:26Z INFO HostContext] Well known directory 'Root': 'D:\CodeSourcce\Remote-Learning-LUMER\actions-runner'
[2026-08-22 05:11:26Z INFO HostContext] Well known directory 'Work': 'D:\CodeSourcce\Remote-Learning-LUMER\actions-runner\_work'
[2026-08-22 05:11:36Z INFO HostContext] Well known directory 'Bin': 'D:\CodeSourcce\Remote-Learning-LUMER\actions-runner\bin'
[2026-08-22 05:11:36Z INFO HostContext] Well known directory 'Root': 'D:\CodeSourcce\Remote-Learning-LUMER\actions-runner'
[2026-08-22 05:11:36Z INFO HostContext] Well known directory 'Work': 'D:\CodeSourcce\Remote-Learning-LUMER\actions-runner\_work'
[2026-08-22 05:11:43Z INFO JobServerQueue] Try to append 1 batches web console lines for record 'fc957568-c532-4faf-8dae-6a8200e35376', success rate: 1/1.
[2026-08-22 05:11:43Z INFO JobServerQueue] Try to append 1 batches web console lines for record 'fc957568-c532-4faf-8dae-6a8200e35376', success rate: 1/1.
[2026-08-22 05:11:43Z INFO ProcessInvokerWrapper] STDOUT/STDERR stream read finished.
[2026-08-22 05:11:43Z INFO ProcessInvokerWrapper] STDOUT/STDERR stream read finished.
[2026-08-22 05:11:43Z INFO ProcessInvokerWrapper] Finished process 12624 with exit code 0, and elapsed time 00:00:54.4342215.
[2026-08-22 05:11:43Z INFO CreateStepSummaryCommand] Step Summary file (D:\CodeSourcce\Remote-Learning-LUMER\actions-runner\_work\_temp\_runner_file_commands\step_summary_fe0c91dc-dd56-4cfc-b1ef-b38703b96a58) is empty; skipping attachment upload
[2026-08-22 05:11:43Z INFO StepsRunner] Step result: 
[2026-08-22 05:11:43Z INFO ExecutionContext] Publish step telemetry for current step {
  "action": "powershell",
  "type": "run",
  "stage": "Main",
  "stepId": "fc957568-c532-4faf-8dae-6a8200e35376",
  "stepContextName": "__run_2",
  "result": "succeeded",
  "errorMessages": [],
  "executionTimeInSeconds": 55,
  "startTime": "2026-08-22T05:10:49.3247062Z",
  "finishTime": "2026-08-22T05:11:43.8005529Z"
}.
[2026-08-22 05:11:43Z INFO StepsRunner] No need for updating job result with current step result 'Succeeded'.
[2026-08-22 05:11:43Z INFO StepsRunner] Current state: job state = ''
[2026-08-22 05:11:43Z INFO StepsRunner] Processing step: DisplayName='Post Checkout Code'
[2026-08-22 05:11:43Z INFO StepsRunner] Evaluating: always()
[2026-08-22 05:11:43Z INFO StepsRunner] Result: true
[2026-08-22 05:11:43Z INFO StepsRunner] Starting the step.
[2026-08-22 05:11:43Z INFO HostContext] Well known directory 'Bin': 'D:\CodeSourcce\Remote-Learning-LUMER\actions-runner\bin'
[2026-08-22 05:11:43Z INFO HostContext] Well known directory 'Root': 'D:\CodeSourcce\Remote-Learning-LUMER\actions-runner'
[2026-08-22 05:11:43Z INFO HostContext] Well known directory 'Work': 'D:\CodeSourcce\Remote-Learning-LUMER\actions-runner\_work'
[2026-08-22 05:11:43Z INFO StepsRunner] Which2: 'chcp'
[2026-08-22 05:11:43Z INFO StepsRunner] Location: 'C:\Windows\system32\chcp.COM'
[2026-08-22 05:11:43Z INFO ProcessInvokerWrapper] Starting process:
[2026-08-22 05:11:43Z INFO ProcessInvokerWrapper]   File name: 'C:\Windows\system32\chcp.COM'
[2026-08-22 05:11:43Z INFO ProcessInvokerWrapper]   Arguments: '65001'
[2026-08-22 05:11:43Z INFO ProcessInvokerWrapper]   Working directory: 'D:\CodeSourcce\Remote-Learning-LUMER\actions-runner\_work'
[2026-08-22 05:11:43Z INFO ProcessInvokerWrapper]   Require exit code zero: 'False'
[2026-08-22 05:11:43Z INFO ProcessInvokerWrapper]   Encoding web name:  ; code page: ''
[2026-08-22 05:11:43Z INFO ProcessInvokerWrapper]   Force kill process on cancellation: 'False'
[2026-08-22 05:11:43Z INFO ProcessInvokerWrapper]   Redirected STDIN: 'False'
[2026-08-22 05:11:43Z INFO ProcessInvokerWrapper]   Persist current code page: 'True'
[2026-08-22 05:11:43Z INFO ProcessInvokerWrapper]   Keep redirected STDIN open: 'False'
[2026-08-22 05:11:43Z INFO ProcessInvokerWrapper]   High priority process: 'False'
[2026-08-22 05:11:43Z INFO ProcessInvokerWrapper] Process started with process id 15776, waiting for process exit.
[2026-08-22 05:11:43Z INFO ProcessInvokerWrapper] STDOUT/STDERR stream read finished.
[2026-08-22 05:11:43Z INFO ProcessInvokerWrapper] STDOUT/STDERR stream read finished.
[2026-08-22 05:11:43Z INFO ProcessInvokerWrapper] Finished process 15776 with exit code 0, and elapsed time 00:00:00.0195635.
[2026-08-22 05:11:43Z INFO StepsRunner] Successfully returned to code page 65001 (UTF8)
[2026-08-22 05:11:43Z INFO HostContext] Well known directory 'Bin': 'D:\CodeSourcce\Remote-Learning-LUMER\actions-runner\bin'
[2026-08-22 05:11:43Z INFO HostContext] Well known directory 'Root': 'D:\CodeSourcce\Remote-Learning-LUMER\actions-runner'
[2026-08-22 05:11:43Z INFO HostContext] Well known directory 'Work': 'D:\CodeSourcce\Remote-Learning-LUMER\actions-runner\_work'
[2026-08-22 05:11:43Z INFO HostContext] Well known directory 'Actions': 'D:\CodeSourcce\Remote-Learning-LUMER\actions-runner\_work\_actions'
[2026-08-22 05:11:43Z INFO ActionManager] Load action that reference repository from 'D:\CodeSourcce\Remote-Learning-LUMER\actions-runner\_work\_actions\actions\checkout\v4'
[2026-08-22 05:11:43Z INFO HostContext] Well known directory 'Bin': 'D:\CodeSourcce\Remote-Learning-LUMER\actions-runner\bin'
[2026-08-22 05:11:43Z INFO HostContext] Well known directory 'Root': 'D:\CodeSourcce\Remote-Learning-LUMER\actions-runner'
[2026-08-22 05:11:43Z INFO HostContext] Well known directory 'Work': 'D:\CodeSourcce\Remote-Learning-LUMER\actions-runner\_work'
[2026-08-22 05:11:43Z INFO HostContext] Well known directory 'Actions': 'D:\CodeSourcce\Remote-Learning-LUMER\actions-runner\_work\_actions'
[2026-08-22 05:11:43Z INFO ActionManifestManagerLegacy] Loaded action.yml file: {
  "name": "Checkout",
  "description": "Checkout a Git repository at a particular version",
  "inputs": {
    "type": 2,
    "map": [
      {
        "key": {
          "type": 0,
          "file": 2,
          "line": 4,
          "col": 3,
          "lit": "repository"
        },
        "value": {
          "type": 3,
          "file": 2,
          "line": 6,
          "col": 14,
          "expr": "github.repository"
        }
      },
      {
        "key": {
          "type": 0,
          "file": 2,
          "line": 7,
          "col": 3,
          "lit": "ref"
        },
        "value": ""
      },
      {
        "key": {
          "type": 0,
          "file": 2,
          "line": 12,
          "col": 3,
          "lit": "token"
        },
        "value": {
          "type": 3,
          "file": 2,
          "line": 24,
          "col": 14,
          "expr": "github.token"
        }
      },
      {
        "key": {
          "type": 0,
          "file": 2,
          "line": 25,
          "col": 3,
          "lit": "ssh-key"
        },
        "value": ""
      },
      {
        "key": {
          "type": 0,
          "file": 2,
          "line": 37,
          "col": 3,
          "lit": "ssh-known-hosts"
        },
        "value": ""
      },
      {
        "key": {
          "type": 0,
          "file": 2,
          "line": 42,
          "col": 3,
          "lit": "ssh-strict"
        },
        "value": {
          "type": 0,
          "file": 2,
          "line": 47,
          "col": 14,
          "lit": "true"
        }
      },
      {
        "key": {
          "type": 0,
          "file": 2,
          "line": 48,
          "col": 3,
          "lit": "ssh-user"
        },
        "value": {
          "type": 0,
          "file": 2,
          "line": 51,
          "col": 14,
          "lit": "git"
        }
      },
      {
        "key": {
          "type": 0,
          "file": 2,
          "line": 52,
          "col": 3,
          "lit": "persist-credentials"
        },
        "value": {
          "type": 0,
          "file": 2,
          "line": 54,
          "col": 14,
          "lit": "true"
        }
      },
      {
        "key": {
          "type": 0,
          "file": 2,
          "line": 55,
          "col": 3,
          "lit": "path"
        },
        "value": ""
      },
      {
        "key": {
          "type": 0,
          "file": 2,
          "line": 57,
          "col": 3,
          "lit": "clean"
        },
        "value": {
          "type": 0,
          "file": 2,
          "line": 59,
          "col": 14,
          "lit": "true"
        }
      },
      {
        "key": {
          "type": 0,
          "file": 2,
          "line": 60,
          "col": 3,
          "lit": "filter"
        },
        "value": {
          "type": 0,
          "file": 2,
          "line": 64,
          "col": 14,
          "lit": ""
        }
      },
      {
        "key": {
          "type": 0,
          "file": 2,
          "line": 65,
          "col": 3,
          "lit": "sparse-checkout"
        },
        "value": {
          "type": 0,
          "file": 2,
          "line": 69,
          "col": 14,
          "lit": ""
        }
      },
      {
        "key": {
          "type": 0,
          "file": 2,
          "line": 70,
          "col": 3,
          "lit": "sparse-checkout-cone-mode"
        },
        "value": {
          "type": 0,
          "file": 2,
          "line": 73,
          "col": 14,
          "lit": "true"
        }
      },
      {
        "key": {
          "type": 0,
          "file": 2,
          "line": 74,
          "col": 3,
          "lit": "fetch-depth"
        },
        "value": {
          "type": 0,
          "file": 2,
          "line": 76,
          "col": 14,
          "lit": "1"
        }
      },
      {
        "key": {
          "type": 0,
          "file": 2,
          "line": 77,
          "col": 3,
          "lit": "fetch-tags"
        },
        "value": {
          "type": 0,
          "file": 2,
          "line": 79,
          "col": 14,
          "lit": "false"
        }
      },
      {
        "key": {
          "type": 0,
          "file": 2,
          "line": 80,
          "col": 3,
          "lit": "show-progress"
        },
        "value": {
          "type": 0,
          "file": 2,
          "line": 82,
          "col": 14,
          "lit": "true"
        }
      },
      {
        "key": {
          "type": 0,
          "file": 2,
          "line": 83,
          "col": 3,
          "lit": "lfs"
        },
        "value": {
          "type": 0,
          "file": 2,
          "line": 85,
          "col": 14,
          "lit": "false"
        }
      },
      {
        "key": {
          "type": 0,
          "file": 2,
          "line": 86,
          "col": 3,
          "lit": "submodules"
        },
        "value": {
          "type": 0,
          "file": 2,
          "line": 94,
          "col": 14,
          "lit": "false"
        }
      },
      {
        "key": {
          "type": 0,
          "file": 2,
          "line": 95,
          "col": 3,
          "lit": "set-safe-directory"
        },
        "value": {
          "type": 0,
          "file": 2,
          "line": 97,
          "col": 14,
          "lit": "true"
        }
      },
      {
        "key": {
          "type": 0,
          "file": 2,
          "line": 98,
          "col": 3,
          "lit": "github-server-url"
        },
        "value": ""
      },
      {
        "key": {
          "type": 0,
          "file": 2,
          "line": 101,
          "col": 3,
          "lit": "allow-unsafe-pr-checkout"
        },
        "value": {
          "type": 0,
          "file": 2,
          "line": 109,
          "col": 14,
          "lit": "false"
        }
      }
    ]
  },
  "execution": {
    "executionType": "nodeJS",
    "hasPre": false,
    "hasPost": true,
    "script": "dist/index.js",
    "pre": null,
    "post": "dist/index.js",
    "nodeVersion": "node20",
    "cleanupCondition": "always()",
    "initCondition": "always()"
  },
  "deprecated": null
}
[2026-08-22 05:11:43Z INFO ActionManager] Action pre node.js file: N/A.
[2026-08-22 05:11:43Z INFO ActionManager] Action node.js file: dist/index.js.
[2026-08-22 05:11:43Z INFO ActionManager] Action post node.js file: dist/index.js.
[2026-08-22 05:11:43Z INFO HostContext] Well known directory 'Bin': 'D:\CodeSourcce\Remote-Learning-LUMER\actions-runner\bin'
[2026-08-22 05:11:43Z INFO HostContext] Well known directory 'Root': 'D:\CodeSourcce\Remote-Learning-LUMER\actions-runner'
[2026-08-22 05:11:43Z INFO HostContext] Well known directory 'Work': 'D:\CodeSourcce\Remote-Learning-LUMER\actions-runner\_work'
[2026-08-22 05:11:43Z INFO HostContext] Well known directory 'Temp': 'D:\CodeSourcce\Remote-Learning-LUMER\actions-runner\_work\_temp'
[2026-08-22 05:11:43Z INFO ExecutionContext] Write event payload to D:\CodeSourcce\Remote-Learning-LUMER\actions-runner\_work\_temp\_github_workflow\event.json
[2026-08-22 05:11:43Z INFO HostContext] Well known directory 'Bin': 'D:\CodeSourcce\Remote-Learning-LUMER\actions-runner\bin'
[2026-08-22 05:11:43Z INFO HostContext] Well known directory 'Root': 'D:\CodeSourcce\Remote-Learning-LUMER\actions-runner'
[2026-08-22 05:11:43Z INFO HostContext] Well known directory 'Work': 'D:\CodeSourcce\Remote-Learning-LUMER\actions-runner\_work'
[2026-08-22 05:11:43Z INFO HostContext] Well known directory 'Temp': 'D:\CodeSourcce\Remote-Learning-LUMER\actions-runner\_work\_temp'
[2026-08-22 05:11:43Z INFO ExtensionManager] Getting extensions for interface: 'GitHub.Runner.Worker.IFileCommandExtension'
[2026-08-22 05:11:43Z INFO ActionManifestManagerLegacy] Input 'repository': default value evaluate result: {
  "type": 0,
  "file": 2,
  "line": 6,
  "col": 14,
  "lit": "Hieu1266/K8s-version2"
}
[2026-08-22 05:11:43Z INFO ActionManifestManagerLegacy] Input 'ref': default value evaluate result: ""
[2026-08-22 05:11:43Z INFO ActionManifestManagerLegacy] Input 'token': default value evaluate result: {
  "type": 0,
  "file": 2,
  "line": 24,
  "col": 14,
  "lit": "***"
}
[2026-08-22 05:11:43Z INFO ActionManifestManagerLegacy] Input 'ssh-key': default value evaluate result: ""
[2026-08-22 05:11:43Z INFO ActionManifestManagerLegacy] Input 'ssh-known-hosts': default value evaluate result: ""
[2026-08-22 05:11:43Z INFO ActionManifestManagerLegacy] Input 'ssh-strict': default value evaluate result: {
  "type": 0,
  "file": 2,
  "line": 47,
  "col": 14,
  "lit": "true"
}
[2026-08-22 05:11:43Z INFO ActionManifestManagerLegacy] Input 'ssh-user': default value evaluate result: {
  "type": 0,
  "file": 2,
  "line": 51,
  "col": 14,
  "lit": "git"
}
[2026-08-22 05:11:43Z INFO ActionManifestManagerLegacy] Input 'persist-credentials': default value evaluate result: {
  "type": 0,
  "file": 2,
  "line": 54,
  "col": 14,
  "lit": "true"
}
[2026-08-22 05:11:43Z INFO ActionManifestManagerLegacy] Input 'path': default value evaluate result: ""
[2026-08-22 05:11:43Z INFO ActionManifestManagerLegacy] Input 'clean': default value evaluate result: {
  "type": 0,
  "file": 2,
  "line": 59,
  "col": 14,
  "lit": "true"
}
[2026-08-22 05:11:43Z INFO ActionManifestManagerLegacy] Input 'filter': default value evaluate result: {
  "type": 0,
  "file": 2,
  "line": 64,
  "col": 14,
  "lit": ""
}
[2026-08-22 05:11:43Z INFO ActionManifestManagerLegacy] Input 'sparse-checkout': default value evaluate result: {
  "type": 0,
  "file": 2,
  "line": 69,
  "col": 14,
  "lit": ""
}
[2026-08-22 05:11:43Z INFO ActionManifestManagerLegacy] Input 'sparse-checkout-cone-mode': default value evaluate result: {
  "type": 0,
  "file": 2,
  "line": 73,
  "col": 14,
  "lit": "true"
}
[2026-08-22 05:11:43Z INFO ActionManifestManagerLegacy] Input 'fetch-depth': default value evaluate result: {
  "type": 0,
  "file": 2,
  "line": 76,
  "col": 14,
  "lit": "1"
}
[2026-08-22 05:11:43Z INFO ActionManifestManagerLegacy] Input 'fetch-tags': default value evaluate result: {
  "type": 0,
  "file": 2,
  "line": 79,
  "col": 14,
  "lit": "false"
}
[2026-08-22 05:11:43Z INFO ActionManifestManagerLegacy] Input 'show-progress': default value evaluate result: {
  "type": 0,
  "file": 2,
  "line": 82,
  "col": 14,
  "lit": "true"
}
[2026-08-22 05:11:43Z INFO ActionManifestManagerLegacy] Input 'lfs': default value evaluate result: {
  "type": 0,
  "file": 2,
  "line": 85,
  "col": 14,
  "lit": "false"
}
[2026-08-22 05:11:43Z INFO ActionManifestManagerLegacy] Input 'submodules': default value evaluate result: {
  "type": 0,
  "file": 2,
  "line": 94,
  "col": 14,
  "lit": "false"
}
[2026-08-22 05:11:43Z INFO ActionManifestManagerLegacy] Input 'set-safe-directory': default value evaluate result: {
  "type": 0,
  "file": 2,
  "line": 97,
  "col": 14,
  "lit": "true"
}
[2026-08-22 05:11:43Z INFO ActionManifestManagerLegacy] Input 'github-server-url': default value evaluate result: ""
[2026-08-22 05:11:43Z INFO ActionManifestManagerLegacy] Input 'allow-unsafe-pr-checkout': default value evaluate result: {
  "type": 0,
  "file": 2,
  "line": 109,
  "col": 14,
  "lit": "false"
}
[2026-08-22 05:11:43Z INFO ExtensionManager] Getting extensions for interface: 'GitHub.Runner.Worker.IActionCommandExtension'
[2026-08-22 05:11:43Z INFO ActionCommandManager] Register action command extension for command internal-set-repo-path
[2026-08-22 05:11:43Z INFO ActionCommandManager] Register action command extension for command set-env
[2026-08-22 05:11:43Z INFO ActionCommandManager] Register action command extension for command set-output
[2026-08-22 05:11:43Z INFO ActionCommandManager] Register action command extension for command save-state
[2026-08-22 05:11:43Z INFO ActionCommandManager] Register action command extension for command add-path
[2026-08-22 05:11:43Z INFO ActionCommandManager] Register action command extension for command add-mask
[2026-08-22 05:11:43Z INFO ActionCommandManager] Register action command extension for command add-matcher
[2026-08-22 05:11:43Z INFO ActionCommandManager] Register action command extension for command remove-matcher
[2026-08-22 05:11:43Z INFO ActionCommandManager] Register action command extension for command warning
[2026-08-22 05:11:43Z INFO ActionCommandManager] Register action command extension for command error
[2026-08-22 05:11:43Z INFO ActionCommandManager] Register action command extension for command notice
[2026-08-22 05:11:43Z INFO ActionCommandManager] Register action command extension for command debug
[2026-08-22 05:11:43Z INFO ActionCommandManager] Register action command extension for command group
[2026-08-22 05:11:43Z INFO ActionCommandManager] Register action command extension for command endgroup
[2026-08-22 05:11:43Z INFO ActionCommandManager] Register action command extension for command echo
[2026-08-22 05:11:43Z INFO HostContext] Well known directory 'Bin': 'D:\CodeSourcce\Remote-Learning-LUMER\actions-runner\bin'
[2026-08-22 05:11:43Z INFO HostContext] Well known directory 'Root': 'D:\CodeSourcce\Remote-Learning-LUMER\actions-runner'
[2026-08-22 05:11:43Z INFO HostContext] Well known directory 'Externals': 'D:\CodeSourcce\Remote-Learning-LUMER\actions-runner\externals'
[2026-08-22 05:11:43Z INFO ProcessInvokerWrapper] Starting process:
[2026-08-22 05:11:43Z INFO ProcessInvokerWrapper]   File name: 'D:\CodeSourcce\Remote-Learning-LUMER\actions-runner\externals\node24\bin\node.exe'
[2026-08-22 05:11:43Z INFO ProcessInvokerWrapper]   Arguments: '"D:\CodeSourcce\Remote-Learning-LUMER\actions-runner\_work\_actions\actions\checkout\v4\dist/index.js"'
[2026-08-22 05:11:43Z INFO ProcessInvokerWrapper]   Working directory: 'D:\CodeSourcce\Remote-Learning-LUMER\actions-runner\_work\K8s-version2\K8s-version2'
[2026-08-22 05:11:43Z INFO ProcessInvokerWrapper]   Require exit code zero: 'False'
[2026-08-22 05:11:43Z INFO ProcessInvokerWrapper]   Encoding web name: utf-8 ; code page: '65001'
[2026-08-22 05:11:43Z INFO ProcessInvokerWrapper]   Force kill process on cancellation: 'False'
[2026-08-22 05:11:43Z INFO ProcessInvokerWrapper]   Redirected STDIN: 'False'
[2026-08-22 05:11:43Z INFO ProcessInvokerWrapper]   Persist current code page: 'True'
[2026-08-22 05:11:43Z INFO ProcessInvokerWrapper]   Keep redirected STDIN open: 'False'
[2026-08-22 05:11:43Z INFO ProcessInvokerWrapper]   High priority process: 'False'
[2026-08-22 05:11:43Z INFO ProcessInvokerWrapper] Process started with process id 8684, waiting for process exit.
[2026-08-22 05:11:43Z INFO JobServerQueue] Try to upload 1 log files or attachments, success rate: 1/1.
[2026-08-22 05:11:44Z INFO JobServerQueue] Got a step log file to send to results service.
[2026-08-22 05:11:44Z INFO JobServerQueue] Starting upload of step log file to results service ResultsLog, D:\CodeSourcce\Remote-Learning-LUMER\actions-runner\_diag\blocks\aa77f6f6-213d-4ada-a8e3-1a9322b63b64_fc957568-c532-4faf-8dae-6a8200e35376.1
[2026-08-22 05:11:44Z INFO JobServerQueue] Try to append 1 batches web console lines for record 'fc957568-c532-4faf-8dae-6a8200e35376', success rate: 1/1.
[2026-08-22 05:11:44Z INFO JobServerQueue] Try to append 1 batches web console lines for record '27b1402c-8d87-4f9a-b287-93965bff4646', success rate: 1/1.
[2026-08-22 05:11:44Z INFO AddMaskCommandExtension] Add new secret mask with length of 32
[2026-08-22 05:11:44Z INFO JobServerQueue] Try to append 1 batches web console lines for record '27b1402c-8d87-4f9a-b287-93965bff4646', success rate: 1/1.
[2026-08-22 05:11:45Z INFO JobServerQueue] Tried to upload 1 file(s) to results, success rate: 1/1.
[2026-08-22 05:11:46Z INFO JobServerQueue] Try to append 1 batches web console lines for record '27b1402c-8d87-4f9a-b287-93965bff4646', success rate: 1/1.
[2026-08-22 05:11:47Z INFO HostContext] Well known directory 'Bin': 'D:\CodeSourcce\Remote-Learning-LUMER\actions-runner\bin'
[2026-08-22 05:11:47Z INFO HostContext] Well known directory 'Root': 'D:\CodeSourcce\Remote-Learning-LUMER\actions-runner'
[2026-08-22 05:11:47Z INFO HostContext] Well known directory 'Work': 'D:\CodeSourcce\Remote-Learning-LUMER\actions-runner\_work'
[2026-08-22 05:11:47Z INFO JobServerQueue] Try to append 1 batches web console lines for record '27b1402c-8d87-4f9a-b287-93965bff4646', success rate: 1/1.
[2026-08-22 05:11:48Z INFO ProcessInvokerWrapper] STDOUT/STDERR stream read finished.
[2026-08-22 05:11:48Z INFO ProcessInvokerWrapper] STDOUT/STDERR stream read finished.
[2026-08-22 05:11:48Z INFO ProcessInvokerWrapper] Finished process 8684 with exit code 0, and elapsed time 00:00:04.1673651.
[2026-08-22 05:11:48Z INFO CreateStepSummaryCommand] Step Summary file (D:\CodeSourcce\Remote-Learning-LUMER\actions-runner\_work\_temp\_runner_file_commands\step_summary_f2beab33-753a-4773-931e-21a036e5af9b) is empty; skipping attachment upload
[2026-08-22 05:11:48Z INFO StepsRunner] Step result: 
[2026-08-22 05:11:48Z INFO ExecutionContext] Publish step telemetry for current step {
  "action": "actions/checkout",
  "ref": "v4",
  "type": "node24",
  "stage": "Post",
  "stepId": "27b1402c-8d87-4f9a-b287-93965bff4646",
  "result": "succeeded",
  "errorMessages": [],
  "executionTimeInSeconds": 5,
  "startTime": "2026-08-22T05:11:43.8050446Z",
  "finishTime": "2026-08-22T05:11:48.0172251Z"
}.
[2026-08-22 05:11:48Z INFO StepsRunner] No need for updating job result with current step result 'Succeeded'.
[2026-08-22 05:11:48Z INFO StepsRunner] Current state: job state = ''
[2026-08-22 05:11:48Z INFO JobRunner] Finalize job.
[2026-08-22 05:11:48Z INFO HostContext] Well known directory 'Bin': 'D:\CodeSourcce\Remote-Learning-LUMER\actions-runner\bin'
[2026-08-22 05:11:48Z INFO HostContext] Well known directory 'Root': 'D:\CodeSourcce\Remote-Learning-LUMER\actions-runner'
[2026-08-22 05:11:48Z INFO HostContext] Well known directory 'Diag': 'D:\CodeSourcce\Remote-Learning-LUMER\actions-runner\_diag'
[2026-08-22 05:11:48Z INFO HostContext] Well known directory 'Bin': 'D:\CodeSourcce\Remote-Learning-LUMER\actions-runner\bin'
[2026-08-22 05:11:48Z INFO HostContext] Well known directory 'Root': 'D:\CodeSourcce\Remote-Learning-LUMER\actions-runner'
[2026-08-22 05:11:48Z INFO HostContext] Well known directory 'Diag': 'D:\CodeSourcce\Remote-Learning-LUMER\actions-runner\_diag'
[2026-08-22 05:11:48Z INFO JobExtension] Initialize Env context
[2026-08-22 05:11:48Z INFO JobExtension] Initialize steps context
[2026-08-22 05:11:48Z INFO JobExtension] Total accessible running process: 338.
[2026-08-22 05:11:48Z INFO JobExtension] Inspecting process environment variables. PID: 17348 (WmiPrvSE)
[2026-08-22 05:11:48Z WARN JobExtension] Ignore exception during read process environment variables: Access is denied.
[2026-08-22 05:11:48Z INFO JobExtension] Inspecting process environment variables. PID: 26252 (SearchProtocolHost)
[2026-08-22 05:11:48Z WARN JobExtension] Ignore exception during read process environment variables: Access is denied.
[2026-08-22 05:11:48Z INFO JobExtension] Inspecting process environment variables. PID: 7224 (SearchFilterHost)
[2026-08-22 05:11:48Z WARN JobExtension] Ignore exception during read process environment variables: Access is denied.
[2026-08-22 05:11:48Z INFO JobExtension] Inspecting process environment variables. PID: 15472 (SearchFilterHost)
[2026-08-22 05:11:48Z WARN JobExtension] Ignore exception during read process environment variables: Access is denied.
[2026-08-22 05:11:48Z INFO JobExtension] Inspecting process environment variables. PID: 13724 (chrome)
[2026-08-22 05:11:48Z INFO JobExtension] Inspecting process environment variables. PID: 3088 (msedge)
[2026-08-22 05:11:48Z INFO JobExtension] Inspecting process environment variables. PID: 7520 (WmiPrvSE)
[2026-08-22 05:11:48Z WARN JobExtension] Ignore exception during read process environment variables: Access is denied.
[2026-08-22 05:11:48Z INFO JobExtension] Inspecting process environment variables. PID: 22160 (backgroundTaskHost)
[2026-08-22 05:11:48Z INFO JobServerQueue] Got a step log file to send to results service.
[2026-08-22 05:11:48Z INFO JobServerQueue] Starting upload of step log file to results service ResultsLog, D:\CodeSourcce\Remote-Learning-LUMER\actions-runner\_diag\blocks\aa77f6f6-213d-4ada-a8e3-1a9322b63b64_27b1402c-8d87-4f9a-b287-93965bff4646.1
[2026-08-22 05:11:48Z INFO JobExtension] Wait for all connectivity checks to finish.
[2026-08-22 05:11:48Z INFO JobExtension] Connectivity check result: {
  "endpointUrl": "https://broker.actions.githubusercontent.com/health",
  "endpointIPs": null,
  "startTime": "2026-08-22T05:05:46.7185811Z",
  "statusCode": "http_OK",
  "requestId": "B06D:73C69:330FFA:34A834:6A892E5A",
  "httpRequestDurationInMs": 835,
  "dnsResolutionDurationInMs": 0,
  "dnsError": null
}
[2026-08-22 05:11:48Z INFO JobExtension] Connectivity check result: {
  "endpointUrl": "https://token.actions.githubusercontent.com/ready",
  "endpointIPs": null,
  "startTime": "2026-08-22T05:05:46.7196106Z",
  "statusCode": "http_NoContent",
  "requestId": "51B7:15F831:718861:90E4D9:6A892E5A",
  "httpRequestDurationInMs": 988,
  "dnsResolutionDurationInMs": 0,
  "dnsError": null
}
[2026-08-22 05:11:48Z INFO JobExtension] Connectivity check result: {
  "endpointUrl": "https://run.actions.githubusercontent.com/health",
  "endpointIPs": null,
  "startTime": "2026-08-22T05:05:46.7198547Z",
  "statusCode": "http_OK",
  "requestId": "8488:753CC:3311EA:34A9AE:6A892E5A",
  "httpRequestDurationInMs": 853,
  "dnsResolutionDurationInMs": 0,
  "dnsError": null
}
[2026-08-22 05:11:48Z INFO ExecutionContext] Publish step telemetry for current step {
  "action": "complete_job",
  "type": "runner",
  "stage": "Post",
  "stepId": "1fadc38e-fc7b-4d1d-a772-a50da1b74c38",
  "result": "succeeded",
  "errorMessages": [
    "Node.js 20 is deprecated. The following actions target Node.js 20 but are being forced to run on Node.js 24: actions/checkout@v4. For more information see: https://github.blog/changelog/2025-09-19-deprecation-of-node-20-on-github-actions-runners/"
  ],
  "executionTimeInSeconds": 1,
  "startTime": "2026-08-22T05:11:48.0253621Z",
  "finishTime": "2026-08-22T05:11:48.1004204Z"
}.
[2026-08-22 05:11:48Z INFO JobRunner] Job result after all job steps finish: Succeeded
[2026-08-22 05:11:48Z INFO JobRunner] Completing the job execution context.
[2026-08-22 05:11:48Z INFO JobRunner] Shutting down the job server queue.
[2026-08-22 05:11:48Z INFO JobServerQueue] Fire signal to shutdown all queues.
[2026-08-22 05:11:49Z INFO JobServerQueue] Tried to upload 1 file(s) to results, success rate: 1/1.
[2026-08-22 05:11:50Z INFO JobServerQueue] All queue process task stopped.
[2026-08-22 05:11:50Z INFO JobServerQueue] Try to append 1 batches web console lines for record '1fadc38e-fc7b-4d1d-a772-a50da1b74c38', success rate: 1/1.
[2026-08-22 05:11:50Z INFO JobServerQueue] Web console line queue drained.
[2026-08-22 05:11:50Z INFO JobServerQueue] Uploading 3 files in one shot.
[2026-08-22 05:11:50Z INFO JobServerQueue] Try to upload 3 log files or attachments, success rate: 3/3.
[2026-08-22 05:11:50Z INFO JobServerQueue] File upload queue drained.
[2026-08-22 05:11:50Z INFO JobServerQueue] Starting results-based upload queue...
[2026-08-22 05:11:50Z INFO JobServerQueue] Uploading 2 file(s) in one shot through results service.
[2026-08-22 05:11:50Z INFO JobServerQueue] Got a step log file to send to results service.
[2026-08-22 05:11:50Z INFO JobServerQueue] Starting upload of step log file to results service ResultsLog, D:\CodeSourcce\Remote-Learning-LUMER\actions-runner\_diag\blocks\aa77f6f6-213d-4ada-a8e3-1a9322b63b64_1fadc38e-fc7b-4d1d-a772-a50da1b74c38.1
[2026-08-22 05:11:51Z INFO JobServerQueue] Got a job log file to send to results service.
[2026-08-22 05:11:51Z INFO JobServerQueue] Starting upload of job log file to results service ResultsLog, D:\CodeSourcce\Remote-Learning-LUMER\actions-runner\_diag\blocks\aa77f6f6-213d-4ada-a8e3-1a9322b63b64_92012f71-899e-5750-b707-16d7f5e73ceb.1
[2026-08-22 05:11:52Z INFO JobServerQueue] Tried to upload 2 file(s) to results, success rate: 2/2.
[2026-08-22 05:11:52Z INFO JobServerQueue] Results upload queue drained.
[2026-08-22 05:11:53Z INFO JobServerQueue] Timeline update queue drained.
[2026-08-22 05:11:53Z INFO JobServerQueue] Disposing job server ...
[2026-08-22 05:11:53Z INFO JobServerQueue] Disposing results server ...
[2026-08-22 05:11:53Z INFO JobServerQueue] All queue process tasks have been stopped, and all queues are drained.
[2026-08-22 05:11:53Z INFO TempDirectoryManager] Cleaning runner temp folder: D:\CodeSourcce\Remote-Learning-LUMER\actions-runner\_work\_temp
[2026-08-22 05:11:53Z INFO HostContext] Well known directory 'Bin': 'D:\CodeSourcce\Remote-Learning-LUMER\actions-runner\bin'
[2026-08-22 05:11:53Z INFO HostContext] Well known directory 'Root': 'D:\CodeSourcce\Remote-Learning-LUMER\actions-runner'
[2026-08-22 05:11:53Z INFO HostContext] Well known directory 'Diag': 'D:\CodeSourcce\Remote-Learning-LUMER\actions-runner\_diag'
[2026-08-22 05:11:53Z INFO HostContext] Well known config file 'Telemetry': 'D:\CodeSourcce\Remote-Learning-LUMER\actions-runner\_diag\.telemetry'
[2026-08-22 05:11:53Z INFO JobRunner] Raising job completed against run service
[2026-08-22 05:11:53Z INFO Worker] Job completed.
